timestamp,date,session,actual_abs_return,forecast_abs_return,forecast_std,error,abs_error,p_calm,p_stress,regime
2025-06-02 13:00:00,2025-06-02,AM,0.0016939023579958979,0.008527744102942334,0.0058614593840002685,0.006833841744946436,0.006833841744946436,0.45094671845436096,0.5490532517433167,STRESS
2025-06-02 17:00:00,2025-06-02,PM,0.005510202827146947,0.00763966902427472,0.005757066304512658,0.0021294661971277733,0.0021294661971277733,0.6237677335739136,0.3762322664260864,CALM
2025-06-03 13:00:00,2025-06-03,AM,0.005652312374239542,0.006837724463873304,0.007082572221743039,0.0011854120896337625,0.0011854120896337625,0.6717736124992371,0.32822638750076294,CALM
2025-06-03 17:00:00,2025-06-03,PM,0.0013053385265833046,0.007831478175593322,0.007388949482940079,0.006526139649010018,0.006526139649010018,0.6429700255393982,0.3570299446582794,CALM
2025-06-04 13:00:00,2025-06-04,AM,0.001625255842990758,0.007293761424961149,0.006976750477013195,0.005668505581970391,0.005668505581970391,0.7005770802497864,0.2994229793548584,CALM
2025-06-04 17:00:00,2025-06-04,PM,0.0035988108549833316,0.006047400500725001,0.006514605844455404,0.0024485896457416695,0.0024485896457416695,0.7389817833900452,0.26101839542388916,CALM
2025-06-05 13:00:00,2025-06-05,AM,0.003165811904066266,0.006208673335644219,0.005746477343879773,0.0030428614315779526,0.0030428614315779526,0.6909760236740112,0.3090241253376007,CALM
2025-06-05 17:00:00,2025-06-05,PM,0.005664048530509931,0.00631656256307461,0.006193101059293453,0.0006525140325646791,0.0006525140325646791,0.7005770802497864,0.2994230389595032,CALM
2025-06-06 13:00:00,2025-06-06,AM,0.009866462447580635,0.005953365754481172,0.005978772189415951,-0.003913096693099463,0.003913096693099463,0.6525712609291077,0.3474287688732147,CALM
2025-06-06 17:00:00,2025-06-06,PM,0.0065893236057838886,0.0065015171826560084,0.00541357436127273,-8.780642312788012e-05,8.780642312788012e-05,0.6621723771095276,0.33782759308815,CALM
2025-06-09 13:00:00,2025-06-09,AM,0.0032784508115868086,0.008289048049840295,0.0064907461144349254,0.005010597238253487,0.005010597238253487,0.5853631496429443,0.41463688015937805,CALM
2025-06-09 17:00:00,2025-06-09,PM,0.015855371789794077,0.00716143181713683,0.005517588334233562,-0.008693939972657248,0.008693939972657248,0.6909759640693665,0.3090241551399231,CALM
2025-06-10 13:00:00,2025-06-10,AM,0.005444749381201467,0.007320122339630709,0.006141176221064466,0.0018753729584292424,0.0018753729584292424,0.5661606788635254,0.4338392913341522,CALM
2025-06-10 17:00:00,2025-06-10,PM,9.873130283984657e-05,0.007936831968676637,0.008486332767379192,0.00783810066583679,0.00783810066583679,0.5565595626831055,0.44344043731689453,CALM
2025-06-11 13:00:00,2025-06-11,AM,0.009424205458344641,0.007283924171852594,0.005636488488780884,-0.002140281286492048,0.002140281286492048,0.6717736124992371,0.3282264769077301,CALM
2025-06-11 17:00:00,2025-06-11,PM,0.007453202098289126,0.007358960476681439,0.008099664519568612,-9.424162160768731e-05,9.424162160768731e-05,0.6525712013244629,0.3474287688732147,CALM
2025-06-12 13:00:00,2025-06-12,AM,0.003017048600236535,0.0064005475422551006,0.006130682164622672,0.0033834989420185656,0.0033834989420185656,0.6333689093589783,0.3666311204433441,CALM
2025-06-12 17:00:00,2025-06-12,PM,0.0028161949716426935,0.008055706069217197,0.0062884200735425335,0.005239511097574504,0.005239511097574504,0.7005770802497864,0.2994229793548584,CALM
2025-06-13 13:00:00,2025-06-13,AM,0.008472490037925417,0.007663274974875607,0.006530799254738537,-0.0008092150630498104,0.0008092150630498104,0.7293806672096252,0.27061954140663147,CALM
2025-06-13 17:00:00,2025-06-13,PM,0.005077441728189668,0.007616288471127676,0.006558818441564261,0.002538846742938008,0.002538846742938008,0.681374728679657,0.3186253309249878,CALM
2025-06-16 13:00:00,2025-06-16,AM,0.005381269966297563,0.007698614349015924,0.007695496143015841,0.002317344382718361,0.002317344382718361,0.6909760236740112,0.3090241551399231,CALM
2025-06-16 17:00:00,2025-06-16,PM,0.0026798145224560025,0.006775203649244617,0.00715644850141895,0.004095389126788614,0.004095389126788614,0.6621724963188171,0.33782759308815,CALM
2025-06-17 13:00:00,2025-06-17,AM,0.00643349651946837,0.006039816329239086,0.006587656049478751,-0.00039368019022928413,0.00039368019022928413,0.7005770802497864,0.2994229793548584,CALM
2025-06-17 17:00:00,2025-06-17,PM,0.005401562256876003,0.007830208768257779,0.006049162525900811,0.002428646511381776,0.002428646511381776,0.6813747882843018,0.3186253011226654,CALM
2025-06-18 13:00:00,2025-06-18,AM,0.0038248765298458543,0.008166248308868508,0.007488965234173003,0.004341371779022654,0.004341371779022654,0.6717736124992371,0.32822638750076294,CALM
2025-06-18 17:00:00,2025-06-18,PM,0.0015281954988769996,0.007776767312582582,0.007113497721861537,0.006248571813705582,0.006248571813705582,0.681374728679657,0.3186253309249878,CALM
2025-06-20 13:00:00,2025-06-20,AM,0.013418942020398714,0.0075329422456258,0.005348921646448198,-0.005885999774772914,0.005885999774772914,0.7005770802497864,0.2994230389595032,CALM
2025-06-20 17:00:00,2025-06-20,PM,0.009212501944680453,0.006960821960366671,0.006180753819937448,-0.0022516799843137827,0.0022516799843137827,0.6141664981842041,0.3858334720134735,CALM
2025-06-23 13:00:00,2025-06-23,AM,0.004645711080517235,0.007829877560284434,0.007392781877452371,0.0031841664797671995,0.0031841664797671995,0.5085537433624268,0.49144622683525085,CALM
2025-06-23 17:00:00,2025-06-23,PM,0.008376594652053383,0.007020491439802532,0.006745143431743634,-0.0013561032122508506,0.0013561032122508506,0.5853630304336548,0.41463690996170044,CALM
2025-06-24 13:00:00,2025-06-24,AM,0.005101167489023946,0.007677001769106144,0.006575378712672097,0.0025758342800821987,0.0025758342800821987,0.6429701447486877,0.35702991485595703,CALM
2025-06-24 17:00:00,2025-06-24,PM,0.00833379494661497,0.006802684025178984,0.00740742977808596,-0.001531110921435987,0.001531110921435987,0.681374728679657,0.3186253011226654,CALM
2025-06-25 13:00:00,2025-06-25,AM,0.006504330172715145,0.006202691055061158,0.007378775855702615,-0.0003016391176539875,0.0003016391176539875,0.6141666173934937,0.38583338260650635,CALM
2025-06-25 17:00:00,2025-06-25,PM,0.0030234713622299654,0.00828041001450929,0.006530347694474474,0.005256938652279324,0.005256938652279324,0.5949642062187195,0.4050357937812805,CALM
2025-06-26 13:00:00,2025-06-26,AM,0.007248845401824724,0.007125180967327906,0.006319167500743338,-0.00012366443449681776,0.00012366443449681776,0.7101781964302063,0.2898218035697937,CALM
2025-06-26 17:00:00,2025-06-26,PM,0.004664222460930252,0.006574617646081627,0.0052636119629337254,0.0019103951851513748,0.0019103951851513748,0.6525712609291077,0.34742870926856995,CALM
2025-06-27 13:00:00,2025-06-27,AM,0.008227643558398603,0.005147256698678342,0.005620704289042133,-0.003080386859720261,0.003080386859720261,0.681374728679657,0.3186253309249878,CALM
2025-06-27 17:00:00,2025-06-27,PM,0.00673569977658347,0.007306428328165105,0.007101331616848743,0.0005707285515816349,0.0005707285515816349,0.6429700255393982,0.3570299446582794,CALM
2025-06-30 13:00:00,2025-06-30,AM,0.005531345858272502,0.006293104645153511,0.005421204964379017,0.0007617587868810095,0.0007617587868810095,0.6525712013244629,0.3474288582801819,CALM
2025-06-30 17:00:00,2025-06-30,PM,0.025896043731997536,0.00691570649784848,0.00528357653921877,-0.018980337234149054,0.018980337234149054,0.681374728679657,0.3186253309249878,CALM
2025-07-01 13:00:00,2025-07-01,AM,0.008726481905795674,0.008823134364374888,0.006705392862328825,9.665245857921369e-05,9.665245857921369e-05,0.3549351096153259,0.6450649499893188,STRESS
2025-07-01 17:00:00,2025-07-01,PM,0.00951198563040997,0.0077847370323448056,0.007015023398377466,-0.001727248598065164,0.001727248598065164,0.4701490104198456,0.5298510193824768,STRESS
2025-07-02 13:00:00,2025-07-02,AM,0.009327626758359771,0.008919408383936673,0.007645363769428271,-0.00040821837442309855,0.00040821837442309855,0.5181549191474915,0.48184508085250854,CALM
2025-07-02 17:00:00,2025-07-02,PM,0.003546354521782903,0.008299798309330217,0.007412367857448224,0.004753443787547313,0.004753443787547313,0.5565595030784607,0.44344043731689453,CALM
2025-07-03 13:00:00,2025-07-03,AM,0.008085790575049092,0.00726012745617405,0.007805633477252405,-0.0008256631188750425,0.0008256631188750425,0.6045653820037842,0.3954346179962158,CALM
2025-07-03 17:00:00,2025-07-03,PM,0.0,0.007698538770073422,0.006870712901784256,0.007698538770073422,0.007698538770073422,0.6525712609291077,0.3474288582801819,CALM
2025-07-07 13:00:00,2025-07-07,AM,0.013908430046132113,0.005478136844373658,0.005598714579776222,-0.008430293201758456,0.008430293201758456,0.7197794318199158,0.280220627784729,CALM
2025-07-07 17:00:00,2025-07-07,PM,0.005474770285980303,0.00859016076731679,0.007289978188046746,0.0031153904813364863,0.0031153904813364863,0.5373572111129761,0.4626427888870239,CALM
2025-07-08 13:00:00,2025-07-08,AM,0.004287149899841141,0.00829169989808172,0.00674248611439308,0.004004549998240578,0.004004549998240578,0.5661607384681702,0.4338392913341522,CALM
2025-07-08 17:00:00,2025-07-08,PM,0.0018078885936593677,0.004523375170116401,0.006238757118534554,0.0027154865764570327,0.0027154865764570327,0.7101783752441406,0.28982189297676086,CALM
2025-07-09 13:00:00,2025-07-09,AM,0.008560344950365789,0.008142592960891277,0.008017118793060276,-0.00041775198947451193,0.00041775198947451193,0.6909759640693665,0.3090240955352783,CALM
2025-07-09 17:00:00,2025-07-09,PM,0.012315191444700432,0.0066220823700075164,0.005302854845949956,-0.005693109074692916,0.005693109074692916,0.6621723771095276,0.3378276526927948,CALM
2025-07-10 13:00:00,2025-07-10,AM,0.005771066159069305,0.006254576604995983,0.0063145707703264504,0.00048351044592667876,0.00048351044592667876,0.5853630900382996,0.41463690996170044,CALM
2025-07-10 17:00:00,2025-07-10,PM,0.0009429070520857313,0.006804293697205033,0.0071815965813453704,0.005861386645119301,0.005861386645119301,0.5949642658233643,0.4050357937812805,CALM
2025-07-11 13:00:00,2025-07-11,AM,0.005623434709012211,0.004988790170484942,0.00581617018558387,-0.000634644538527269,0.000634644538527269,0.7389817833900452,0.2610183358192444,CALM
2025-07-11 17:00:00,2025-07-11,PM,0.0027523388513396724,0.006717030441531202,0.006193031666981688,0.0039646915901915296,0.0039646915901915296,0.6717736124992371,0.3282264471054077,CALM
2025-07-14 13:00:00,2025-07-14,AM,0.007392779240041466,0.005866102116129151,0.005592628465844306,-0.001526677123912315,0.001526677123912315,0.7389817833900452,0.2610183358192444,CALM
2025-07-14 17:00:00,2025-07-14,PM,0.0017248818420608112,0.005499085158725498,0.005460772358500269,0.003774203316664687,0.003774203316664687,0.6621723771095276,0.3378276526927948,CALM
2025-07-15 13:00:00,2025-07-15,AM,0.009735223629935608,0.007745735300367901,0.005275766842719617,-0.0019894883295677075,0.0019894883295677075,0.7197794318199158,0.2802205979824066,CALM
2025-07-15 17:00:00,2025-07-15,PM,0.008010341787874797,0.007681437136886297,0.004866582320453845,-0.0003289046509885006,0.0003289046509885006,0.6525712609291077,0.3474287688732147,CALM
2025-07-16 13:00:00,2025-07-16,AM,0.0071551535943636954,0.005246632101740194,0.004721284003893148,-0.0019085214926235017,0.0019085214926235017,0.6717736124992371,0.3282264471054077,CALM
2025-07-16 17:00:00,2025-07-16,PM,0.0015697470222993317,0.00791342692412544,0.006869722530628836,0.006343679901826109,0.006343679901826109,0.6333689093589783,0.3666311502456665,CALM
2025-07-17 13:00:00,2025-07-17,AM,0.0045597115193168735,0.007971675391882866,0.007316176847163795,0.003411963872565992,0.003411963872565992,0.6717735528945923,0.3282265365123749,CALM
2025-07-17 17:00:00,2025-07-17,PM,0.0034653852533335443,0.00819386995683464,0.006743644863952049,0.004728484703501096,0.004728484703501096,0.6429701447486877,0.3570299446582794,CALM
2025-07-18 13:00:00,2025-07-18,AM,0.004886041835502516,0.006665810751646774,0.005960950100756672,0.0017797689161442578,0.0017797689161442578,0.6621723771095276,0.33782759308815,CALM
2025-07-18 17:00:00,2025-07-18,PM,0.0014206565821689393,0.008491214039566,0.007971669890279299,0.007070557457397061,0.007070557457397061,0.7293805480003357,0.27061954140663147,CALM
2025-07-21 13:00:00,2025-07-21,AM,0.011918081573529447,0.008649818080775197,0.006610853491111936,-0.0032682634927542493,0.0032682634927542493,0.7293806672096252,0.27061954140663147,CALM
2025-07-21 17:00:00,2025-07-21,PM,0.00615328745799129,0.007447859554057627,0.006975297320366809,0.001294572096066337,0.001294572096066337,0.6525713205337524,0.3474288582801819,CALM
2025-07-22 13:00:00,2025-07-22,AM,0.005497488296395213,0.005605385251192698,0.005811762243073992,0.00010789695479748469,0.00010789695479748469,0.6525713205337524,0.34742870926856995,CALM
2025-07-22 17:00:00,2025-07-22,PM,0.005327613311654206,0.004920573446118623,0.005847512039572961,-0.000407039865535583,0.000407039865535583,0.7101783156394958,0.2898218631744385,CALM
2025-07-23 13:00:00,2025-07-23,AM,0.004437704351494048,0.00779565968835927,0.008094792771092594,0.0033579553368652216,0.0033579553368652216,0.6429700255393982,0.35702991485595703,CALM
2025-07-23 17:00:00,2025-07-23,PM,0.002571596975340286,0.0069351925988367724,0.007998661968843374,0.004363595623496487,0.004363595623496487,0.6717736124992371,0.32822638750076294,CALM
2025-07-24 13:00:00,2025-07-24,AM,0.0024485524971685187,0.006977944513294843,0.007375904748803312,0.004529392016126324,0.004529392016126324,0.7197794318199158,0.2802206873893738,CALM
2025-07-24 17:00:00,2025-07-24,PM,0.0031492415366970302,0.006824407517984132,0.005651396100346007,0.003675165981287102,0.003675165981287102,0.7677852511405945,0.23221488296985626,CALM
2025-07-25 13:00:00,2025-07-25,AM,0.0018907347983899668,0.0069186609010337815,0.0069186747246788045,0.005027926102643815,0.005027926102643815,0.7197794318199158,0.28022071719169617,CALM
2025-07-25 17:00:00,2025-07-25,PM,0.0017972812213862771,0.008204824438918564,0.005948597248787214,0.006407543217532287,0.006407543217532287,0.7197794318199158,0.2802206873893738,CALM
2025-07-28 13:00:00,2025-07-28,AM,0.0014474147501858754,0.007760826342345375,0.006527636291939749,0.0063134115921595,0.0063134115921595,0.7197794318199158,0.2802206873893738,CALM
2025-07-28 17:00:00,2025-07-28,PM,0.0017745404862153573,0.006040668681127354,0.006426967946833676,0.004266128194911997,0.004266128194911997,0.681374728679657,0.3186253011226654,CALM
2025-07-29 13:00:00,2025-07-29,AM,0.008354502737800772,0.0036245641086457107,0.005628299175517365,-0.004729938629155061,0.004729938629155061,0.7101783156394958,0.28982189297676086,CALM
2025-07-29 17:00:00,2025-07-29,PM,0.003919629112140243,0.00726827926697496,0.005839002807342699,0.003348650154834717,0.003348650154834717,0.6429700255393982,0.3570299446582794,CALM
2025-07-30 13:00:00,2025-07-30,AM,0.008362682966089045,0.006902103563792068,0.006957852297283961,-0.001460579402296977,0.001460579402296977,0.6909759640693665,0.3090241551399231,CALM
2025-07-30 17:00:00,2025-07-30,PM,0.007038741981475936,0.007293038035622872,0.0061021134519162745,0.0002542960541469354,0.0002542960541469354,0.6909759640693665,0.3090241253376007,CALM
2025-07-31 13:00:00,2025-07-31,AM,0.004602338053217484,0.006871972758714564,0.0055691901920702875,0.0022696347054970796,0.0022696347054970796,0.6525712013244629,0.3474287688732147,CALM
2025-07-31 17:00:00,2025-07-31,PM,0.006769021937213857,0.007110653100086545,0.006818240578624941,0.0003416311628726878,0.0003416311628726878,0.6621723771095276,0.3378276824951172,CALM
2025-08-01 13:00:00,2025-08-01,AM,0.040749745083497116,0.008142991743454986,0.005781695983051182,-0.03260675334004213,0.03260675334004213,0.7101783156394958,0.2898218035697937,CALM
2025-08-01 17:00:00,2025-08-01,PM,0.0020514855743398535,0.00691878616436127,0.007860890677158902,0.004867300590021417,0.004867300590021417,0.3357328176498413,0.6642673015594482,STRESS
2025-08-04 13:00:00,2025-08-04,AM,0.008041653133796827,0.007749458759155473,0.006625683036326322,-0.00029219437464135436,0.00029219437464135436,0.4701491594314575,0.5298509001731873,STRESS
2025-08-04 17:00:00,2025-08-04,PM,0.0031646760542927105,0.00612583371228605,0.006556057545983644,0.00296115765799334,0.00296115765799334,0.5661606788635254,0.4338392913341522,CALM
2025-08-05 13:00:00,2025-08-05,AM,0.0017185087577006358,0.005649270786008601,0.006072604371337935,0.0039307620283079645,0.0039307620283079645,0.6333689093589783,0.3666311204433441,CALM
2025-08-05 17:00:00,2025-08-05,PM,0.005164411547226282,0.008110139745659065,0.007259237393934566,0.0029457281984327822,0.0029457281984327822,0.7293806672096252,0.2706195116043091,CALM
2025-08-06 13:00:00,2025-08-06,AM,0.056068845016348026,0.006544069083980166,0.0049240350726951045,-0.04952477593236786,0.04952477593236786,0.7197794318199158,0.2802206873893738,CALM
2025-08-06 17:00:00,2025-08-06,PM,0.013683892857694257,0.007278361179006249,0.008469250012982767,-0.0064055316786880085,0.0064055316786880085,0.3165304958820343,0.6834695339202881,STRESS
2025-08-07 13:00:00,2025-08-07,AM,0.03545145203746356,0.008645127171661287,0.008329161222180359,-0.026806324865802277,0.026806324865802277,0.4029409885406494,0.5970590710639954,STRESS
2025-08-07 17:00:00,2025-08-07,PM,0.004074623499726478,0.009630501474726962,0.007343444964262173,0.005555877975000484,0.005555877975000484,0.35493505001068115,0.6450650095939636,STRESS
2025-08-08 13:00:00,2025-08-08,AM,0.04308385983442896,0.00871637370276124,0.007375952711136444,-0.03436748613166772,0.03436748613166772,0.5469583868980408,0.45304161310195923,CALM
2025-08-08 17:00:00,2025-08-08,PM,0.0008699813502740032,0.009764613725119158,0.00881001014418451,0.008894632374845154,0.008894632374845154,0.3165304958820343,0.6834695339202881,STRESS
2025-08-11 13:00:00,2025-08-11,AM,0.007024921443616923,0.007802268413139171,0.007687659914162189,0.000777346969522248,0.000777346969522248,0.5469583868980408,0.45304161310195923,CALM
2025-08-11 17:00:00,2025-08-11,PM,0.007956960324139227,0.008321237073617167,0.006508915164653034,0.00036427674947793996,0.00036427674947793996,0.6045653820037842,0.3954346477985382,CALM
2025-08-12 13:00:00,2025-08-12,AM,0.016719577152667895,0.0056743747303837876,0.007603357949881077,-0.011045202422284107,0.011045202422284107,0.6429700255393982,0.35702991485595703,CALM
2025-08-12 17:00:00,2025-08-12,PM,0.0031300290737070564,0.007374415062939303,0.007001481692831435,0.004244385989232246,0.004244385989232246,0.5181548595428467,0.4818451404571533,CALM
2025-08-13 13:00:00,2025-08-13,AM,0.01052481725206788,0.007730438951541554,0.005249761053410269,-0.0027943783005263253,0.0027943783005263253,0.6717736124992371,0.3282265067100525,CALM
2025-08-13 17:00:00,2025-08-13,PM,0.005756771494084129,0.008504162898864394,0.007235459812165518,0.002747391404780265,0.002747391404780265,0.6717736124992371,0.3282264769077301,CALM
2025-08-14 13:00:00,2025-08-14,AM,0.004034859747064491,0.007262408983542138,0.00772920958130704,0.003227549236477647,0.003227549236477647,0.6429700255393982,0.3570300042629242,CALM
2025-08-14 17:00:00,2025-08-14,PM,0.0015471895814590372,0.005991325134848531,0.00750153034497845,0.004444135553389494,0.004444135553389494,0.7005770802497864,0.29942306876182556,CALM
2025-08-15 13:00:00,2025-08-15,AM,0.008409390394534278,0.006504651061912366,0.006120918768404764,-0.0019047393326219117,0.0019047393326219117,0.7485830187797546,0.25141724944114685,CALM
2025-08-15 17:00:00,2025-08-15,PM,0.0014713521781989048,0.007613871730799162,0.007019418074710094,0.006142519552600257,0.006142519552600257,0.7101783156394958,0.2898218631744385,CALM
2025-08-18 13:00:00,2025-08-18,AM,0.002858134632302446,0.006474323815364055,0.007053284584277246,0.0036161891830616085,0.0036161891830616085,0.7197794318199158,0.280220627784729,CALM
2025-08-18 17:00:00,2025-08-18,PM,0.0009536194914268313,0.007176421321834588,0.005421159042996232,0.0062228018304077565,0.0062228018304077565,0.7197794318199158,0.280220627784729,CALM
2025-08-19 13:00:00,2025-08-19,AM,0.00039000715507465206,0.006151680052349613,0.005810125911134049,0.005761672897274961,0.005761672897274961,0.6909759640693665,0.3090240955352783,CALM
2025-08-19 17:00:00,2025-08-19,PM,0.0006069802917766574,0.007335181236640233,0.006946582169473082,0.0067282009448635756,0.0067282009448635756,0.7293805480003357,0.2706195116043091,CALM
2025-08-20 13:00:00,2025-08-20,AM,0.01886889734157126,0.006878693097966514,0.007544242333345375,-0.011990204243604745,0.011990204243604745,0.72938072681427,0.27061957120895386,CALM
2025-08-20 17:00:00,2025-08-20,PM,0.0017250916586004307,0.008228164874635369,0.007441566713573964,0.006503073216034938,0.006503073216034938,0.5565595626831055,0.44344040751457214,CALM
2025-08-21 13:00:00,2025-08-21,AM,0.00563831989393237,0.006886557262328029,0.006737015346990497,0.0012482373683956587,0.0012482373683956587,0.5277560949325562,0.47224387526512146,CALM
2025-08-21 17:00:00,2025-08-21,PM,0.002134757315043444,0.008216655891854304,0.008267572994300419,0.00608189857681086,0.00608189857681086,0.6429700255393982,0.3570300340652466,CALM
2025-08-22 13:00:00,2025-08-22,AM,0.009506405463179142,0.008006142451089342,0.0054202717398332875,-0.0015002630120897996,0.0015002630120897996,0.6717736124992371,0.3282264471054077,CALM
2025-08-22 17:00:00,2025-08-22,PM,0.0027685632150882718,0.007814444021327013,0.007730837239208014,0.0050458808062387416,0.0050458808062387416,0.681374728679657,0.3186253011226654,CALM
2025-08-25 13:00:00,2025-08-25,AM,0.0027609194302449513,0.007379643084810102,0.0066968673024957945,0.00461872365456515,0.00461872365456515,0.6525712013244629,0.3474287688732147,CALM
2025-08-25 17:00:00,2025-08-25,PM,0.005485477276671203,0.005377943530460628,0.0068427411670540774,-0.00010753374621057504,0.00010753374621057504,0.7005770802497864,0.2994229793548584,CALM
2025-08-26 13:00:00,2025-08-26,AM,0.0019782400121057205,0.006458253882576857,0.00616353840376853,0.004480013870471136,0.004480013870471136,0.7197794914245605,0.28022056818008423,CALM
2025-08-26 17:00:00,2025-08-26,PM,0.00826613642024565,0.005618445547575854,0.006771258411896496,-0.0026476908726697952,0.0026476908726697952,0.7293806672096252,0.27061954140663147,CALM
2025-08-27 13:00:00,2025-08-27,AM,0.0008272199352793344,0.0063508426202056305,0.006721296967900406,0.005523622684926296,0.005523622684926296,0.6813747882843018,0.318625271320343,CALM
2025-08-27 17:00:00,2025-08-27,PM,0.00659323981217486,0.007402850731195017,0.0059922526664516005,0.0008096109190201565,0.0008096109190201565,0.7101783156394958,0.2898218035697937,CALM
2025-08-28 13:00:00,2025-08-28,AM,0.00495957889920023,0.0072867251210837515,0.00727844732882916,0.0023271462218835215,0.0023271462218835215,0.6909759640693665,0.3090241551399231,CALM
2025-08-28 17:00:00,2025-08-28,PM,0.00021512315883750796,0.005040793840421045,0.0062832227934863216,0.004825670681583538,0.004825670681583538,0.7101783156394958,0.2898218035697937,CALM
2025-08-29 13:00:00,2025-08-29,AM,0.0019773896311137172,0.0067044896945705115,0.006368033974878772,0.004727100063456794,0.004727100063456794,0.7293806672096252,0.27061957120895386,CALM
2025-08-29 17:00:00,2025-08-29,PM,0.0034414556894706307,0.006111818251140944,0.006029675531996742,0.002670362561670313,0.002670362561670313,0.7389817833900452,0.2610183656215668,CALM
2025-09-02 13:00:00,2025-09-02,AM,0.01760647127764211,0.0071099974447878765,0.005663979579704568,-0.010496473832854233,0.010496473832854233,0.7197794318199158,0.28022071719169617,CALM
2025-09-02 17:00:00,2025-09-02,PM,0.04334326412913676,0.009400156438347941,0.006816549651263239,-0.03394310769078882,0.03394310769078882,0.5469584465026855,0.45304152369499207,CALM
2025-09-03 13:00:00,2025-09-03,AM,0.0044194781195395615,0.007409130607850411,0.007824921478497735,0.00298965248831085,0.00298965248831085,0.3261316418647766,0.6738684177398682,STRESS
2025-09-03 17:00:00,2025-09-03,PM,0.004755400860468792,0.009005810645573114,0.008025210140707183,0.004250409785104322,0.004250409785104322,0.4509466588497162,0.5490533709526062,STRESS
2025-09-04 13:00:00,2025-09-04,AM,0.00281684405631863,0.008228425000134942,0.00716970345344136,0.005411580943816312,0.005411580943816312,0.5949642062187195,0.4050357937812805,CALM
2025-09-04 17:00:00,2025-09-04,PM,0.008385090215813774,0.006927033772269048,0.00533443906279264,-0.0014580564435447262,0.0014580564435447262,0.6237677931785583,0.3762322664260864,CALM
2025-09-05 13:00:00,2025-09-05,AM,0.0007935679647950191,0.005533771364975381,0.0067645707278500816,0.004740203400180362,0.004740203400180362,0.6333689093589783,0.36663109064102173,CALM
2025-09-05 17:00:00,2025-09-05,PM,0.0011275135347709507,0.00668312949092696,0.005925525325600311,0.005555615956156009,0.005555615956156009,0.7101781964302063,0.2898218035697937,CALM
2025-09-08 13:00:00,2025-09-08,AM,0.010995116852700423,0.007209372720290331,0.006700117515921877,-0.003785744132410092,0.003785744132410092,0.7101783156394958,0.2898218631744385,CALM
2025-09-08 17:00:00,2025-09-08,PM,0.005218867064161007,0.006612764283643236,0.008393823121281447,0.0013938972194822291,0.0013938972194822291,0.5757619142532349,0.42423808574676514,CALM
2025-09-09 13:00:00,2025-09-09,AM,0.0067391376272381565,0.007992131645862212,0.006535753151465983,0.0012529940186240558,0.0012529940186240558,0.6429700255393982,0.3570299446582794,CALM
2025-09-09 17:00:00,2025-09-09,PM,0.014644791320371395,0.007064771770950999,0.006151900904895364,-0.007580019549420396,0.007580019549420396,0.6237677335739136,0.3762322664260864,CALM
2025-09-10 13:00:00,2025-09-10,AM,0.025056131781807385,0.007266445090410845,0.006210121564704323,-0.01778968669139654,0.01778968669139654,0.5277560353279114,0.472243994474411,CALM
2025-09-10 17:00:00,2025-09-10,PM,0.0021129558418069004,0.010082862684241575,0.007079123525895805,0.007969906842434675,0.007969906842434675,0.36453625559806824,0.6354637742042542,STRESS
2025-09-11 13:00:00,2025-09-11,AM,0.007988104274099704,0.007483176987981725,0.008908918679854702,-0.0005049272861179788,0.0005049272861179788,0.4413455128669739,0.5586544871330261,STRESS
2025-09-11 17:00:00,2025-09-11,PM,0.0033604675174787116,0.0068422294790840155,0.006942804880620134,0.003481761961605304,0.003481761961605304,0.5661607384681702,0.43383926153182983,CALM
2025-09-12 13:00:00,2025-09-12,AM,0.015606066216151177,0.0054413351930900945,0.007762800562577476,-0.010164731023061082,0.010164731023061082,0.6909759640693665,0.3090240955352783,CALM
2025-09-12 17:00:00,2025-09-12,PM,0.0038103439015515056,0.007226088486302656,0.007512644850325442,0.003415744584751151,0.003415744584751151,0.5373572707176208,0.46264275908470154,CALM
2025-09-15 13:00:00,2025-09-15,AM,0.009441655644855345,0.006223005654330549,0.005472197598537448,-0.0032186499905247955,0.0032186499905247955,0.5373571515083313,0.4626427888870239,CALM
2025-09-15 17:00:00,2025-09-15,PM,4.233072999986558e-05,0.008091245647830524,0.007479659521070196,0.008048914917830658,0.008048914917830658,0.6045653820037842,0.3954346776008606,CALM
2025-09-16 13:00:00,2025-09-16,AM,0.012285063420638528,0.007001439040762775,0.004995434659126085,-0.005283624379875753,0.005283624379875753,0.7005770802497864,0.2994229793548584,CALM
2025-09-16 17:00:00,2025-09-16,PM,0.0050304025591865024,0.006786840382761404,0.007701173046403375,0.0017564378235749014,0.0017564378235749014,0.6333688497543335,0.3666311502456665,CALM
2025-09-17 13:00:00,2025-09-17,AM,0.006868561576149346,0.007179152623635187,0.004928920597585958,0.00031059104748584147,0.00031059104748584147,0.6621723771095276,0.33782759308815,CALM
2025-09-17 17:00:00,2025-09-17,PM,0.001420098810205007,0.008506226413271836,0.0069820299053208355,0.0070861276030668285,0.0070861276030668285,0.6237677335739136,0.3762322962284088,CALM
2025-09-18 13:00:00,2025-09-18,AM,0.005406438013358717,0.0063849101633818685,0.006466038879783252,0.0009784721500231512,0.0009784721500231512,0.7197794318199158,0.28022071719169617,CALM
2025-09-18 17:00:00,2025-09-18,PM,0.00021009727581109376,0.007313625739560444,0.007529635251718707,0.00710352846374935,0.00710352846374935,0.6717735528945923,0.3282264471054077,CALM
2025-09-19 13:00:00,2025-09-19,AM,0.02955757850172614,0.006475541497364266,0.007711354837442223,-0.023082037004361875,0.023082037004361875,0.7005771398544312,0.2994229197502136,CALM
2025-09-19 17:00:00,2025-09-19,PM,0.0013452094236539299,0.0083223640768313,0.008199518015249025,0.006977154653177371,0.006977154653177371,0.35493507981300354,0.6450649499893188,STRESS
2025-09-22 13:00:00,2025-09-22,AM,0.03490588123445732,0.00757880788495556,0.006468474243783674,-0.02732707334950176,0.02732707334950176,0.5277559757232666,0.472243994474411,CALM
2025-09-22 17:00:00,2025-09-22,PM,0.008656367090682718,0.008559723492816425,0.008357370727625851,-9.664359786629335e-05,9.664359786629335e-05,0.3549351394176483,0.6450649499893188,STRESS
2025-09-23 13:00:00,2025-09-23,AM,0.005161301780225618,0.007126206289758002,0.0076471740923852154,0.001964904509532384,0.001964904509532384,0.47014907002449036,0.5298509001731873,STRESS
2025-09-23 17:00:00,2025-09-23,PM,0.0030624287773869693,0.007530371477325857,0.007010100626142797,0.004467942699938887,0.004467942699938887,0.5181548595428467,0.4818451404571533,CALM
2025-09-24 13:00:00,2025-09-24,AM,0.011031486047582134,0.006631472654990288,0.007237909462818362,-0.0044000133925918465,0.0044000133925918465,0.7005770802497864,0.2994230389595032,CALM
2025-09-24 17:00:00,2025-09-24,PM,0.0031756139738863777,0.008330736166765263,0.007021063080689009,0.0051551221928788854,0.0051551221928788854,0.6525712609291077,0.3474288880825043,CALM
2025-09-25 13:00:00,2025-09-25,AM,0.003600043449010095,0.006065561642260519,0.005491696327906007,0.002465518193250424,0.002465518193250424,0.6621723771095276,0.3378277122974396,CALM
2025-09-25 17:00:00,2025-09-25,PM,0.011816338637164558,0.008194229291654942,0.0077461867165230566,-0.003622109345509616,0.003622109345509616,0.7005770802497864,0.2994230389595032,CALM
2025-09-26 13:00:00,2025-09-26,AM,0.0003901830007750387,0.007286591183717292,0.006915580133716608,0.006896408182942253,0.006896408182942253,0.6429700255393982,0.3570299446582794,CALM
2025-09-26 17:00:00,2025-09-26,PM,0.0028518429329343893,0.0074559747553117044,0.006860041282662356,0.004604131822377315,0.004604131822377315,0.6909759640693665,0.30902424454689026,CALM
2025-09-29 13:00:00,2025-09-29,AM,0.00892038531325699,0.006710551444657672,0.00747819615967208,-0.002209833868599317,0.002209833868599317,0.6621724963188171,0.33782759308815,CALM
2025-09-29 17:00:00,2025-09-29,PM,0.0029560749114109185,0.008293921472533394,0.005938409845134914,0.005337846561122475,0.005337846561122475,0.6717736124992371,0.3282264471054077,CALM
2025-09-30 13:00:00,2025-09-30,AM,7.871536528001417e-05,0.007479229152215485,0.0073709605465900096,0.007400513786935471,0.007400513786935471,0.6909759640693665,0.3090241551399231,CALM
2025-09-30 17:00:00,2025-09-30,PM,3.9358457153599696e-05,0.008548299192533238,0.007496760644019735,0.008508940735379639,0.008508940735379639,0.7293805480003357,0.2706195116043091,CALM
2025-10-01 13:00:00,2025-10-01,AM,0.00932352897219876,0.008010353059212636,0.006335703790684608,-0.001313175912986124,0.001313175912986124,0.7197794318199158,0.2802206873893738,CALM
2025-10-01 17:00:00,2025-10-01,PM,0.00465089850139392,0.0070830944026826475,0.007333825455043661,0.0024321959012887275,0.0024321959012887275,0.6429700255393982,0.35702991485595703,CALM
2025-10-02 13:00:00,2025-10-02,AM,0.008736745771614122,0.005913807799755271,0.007195619440935482,-0.0028229379718588514,0.0028229379718588514,0.7197794318199158,0.2802206873893738,CALM
2025-10-02 17:00:00,2025-10-02,PM,7.766990295154871e-05,0.006622377925129503,0.008488630877468843,0.0065447080221779546,0.0065447080221779546,0.5949642062187195,0.4050358235836029,CALM
2025-10-03 13:00:00,2025-10-03,AM,0.005074678228507218,0.007992183307417846,0.0073519327665138015,0.002917505078910628,0.002917505078910628,0.7389818429946899,0.2610183656215668,CALM
2025-10-03 17:00:00,2025-10-03,PM,0.0034836497394465826,0.005596386956235764,0.006769943019398468,0.0021127372167891816,0.0021127372167891816,0.6813746690750122,0.3186253607273102,CALM
2025-10-06 13:00:00,2025-10-06,AM,0.0021737451304549727,0.007061141175404172,0.00629949733154571,0.004887396044949199,0.004887396044949199,0.7293805480003357,0.27061957120895386,CALM
2025-10-06 17:00:00,2025-10-06,PM,0.003074590368870109,0.006513209532069726,0.0056592563103662254,0.003438619163199617,0.003438619163199617,0.7389817833900452,0.26101839542388916,CALM
2025-10-07 13:00:00,2025-10-07,AM,0.0017946321920270867,0.007263219113270123,0.005247437431441293,0.005468586921243036,0.005468586921243036,0.7101783156394958,0.2898218035697937,CALM
2025-10-07 17:00:00,2025-10-07,PM,0.0008977186840475735,0.005730841958726699,0.004849277102469702,0.004833123274679126,0.004833123274679126,0.7005771398544312,0.2994230389595032,CALM
2025-10-08 13:00:00,2025-10-08,AM,0.005757426625092654,0.007926989039174931,0.005476213168343298,0.002169562414082277,0.002169562414082277,0.7389818429946899,0.2610183656215668,CALM
2025-10-08 17:00:00,2025-10-08,PM,0.001201760141533217,0.00719938775340048,0.007649819164033694,0.005997627611867263,0.005997627611867263,0.7101783156394958,0.2898218631744385,CALM
2025-10-09 13:00:00,2025-10-09,AM,0.01687869724580783,0.0064756807922253835,0.005988044737075635,-0.010403016453582447,0.010403016453582447,0.7485830187797546,0.25141724944114685,CALM
2025-10-09 17:00:00,2025-10-09,PM,0.0007877427639619775,0.006012158390624613,0.006777704243326903,0.0052244156266626355,0.0052244156266626355,0.5853630304336548,0.4146369695663452,CALM
2025-10-10 13:00:00,2025-10-10,AM,0.02588431415602957,0.010169607028289923,0.007056689399692041,-0.015714707127739647,0.015714707127739647,0.5565595626831055,0.44344043731689453,CALM
2025-10-10 17:00:00,2025-10-10,PM,0.01690984572928168,0.009209802994863658,0.0076578676517233355,-0.007700042734418022,0.007700042734418022,0.40294089913368225,0.5970591306686401,STRESS
2025-10-13 13:00:00,2025-10-13,AM,0.02515855963615493,0.007690682323055404,0.006039829770205919,-0.017467877313099525,0.017467877313099525,0.3549351990222931,0.6450649499893188,STRESS
2025-10-13 17:00:00,2025-10-13,PM,0.008450754517723237,0.00905050790460946,0.007463873790618685,0.0005997533868862225,0.0005997533868862225,0.326131671667099,0.6738684177398682,STRESS
2025-10-14 13:00:00,2025-10-14,AM,0.0005252207057692621,0.008434969334604275,0.008369244466501575,0.007909748628835013,0.007909748628835013,0.40294089913368225,0.5970591306686401,STRESS
2025-10-14 17:00:00,2025-10-14,PM,0.00016155088888115515,0.006518041099335806,0.0071866464027390805,0.0063564902104546505,0.0063564902104546505,0.5949642658233643,0.4050357937812805,CALM
2025-10-15 13:00:00,2025-10-15,AM,0.00555758347216209,0.006830280862842472,0.007087991455149384,0.0012726973906803819,0.0012726973906803819,0.7197794318199158,0.28022071719169617,CALM
2025-10-15 17:00:00,2025-10-15,PM,0.001364530452121229,0.006131515718049449,0.007094930176088362,0.00476698526592822,0.00476698526592822,0.6717736124992371,0.3282264471054077,CALM
2025-10-16 13:00:00,2025-10-16,AM,0.006800967882582127,0.006932342666797309,0.00534998345086573,0.00013137478421518245,0.00013137478421518245,0.7197794318199158,0.280220627784729,CALM
2025-10-16 17:00:00,2025-10-16,PM,0.001818733450711023,0.007876113951000494,0.005969694552514315,0.006057380500289471,0.006057380500289471,0.6717736124992371,0.3282264769077301,CALM
2025-10-17 13:00:00,2025-10-17,AM,0.015773007756539104,0.0068497127510871985,0.006710908020401434,-0.008923295005451906,0.008923295005451906,0.7389818429946899,0.2610183656215668,CALM
2025-10-17 17:00:00,2025-10-17,PM,0.005678110909661612,0.007230985491539206,0.007429888905931463,0.001552874581877594,0.001552874581877594,0.5757619142532349,0.42423808574676514,CALM
2025-10-20 13:00:00,2025-10-20,AM,0.04285982803458337,0.0069008588391997715,0.007078547977898219,-0.03595896919538359,0.03595896919538359,0.5565595030784607,0.44344043731689453,CALM
2025-10-20 17:00:00,2025-10-20,PM,0.004486187807642863,0.00761868103895053,0.007401153855771862,0.0031324932313076667,0.0031324932313076667,0.3549351394176483,0.6450649499893188,STRESS
2025-10-21 13:00:00,2025-10-21,AM,0.0023976719826972067,0.006757777249833676,0.006054672581597555,0.004360105267136469,0.004360105267136469,0.4605479836463928,0.539452075958252,STRESS
2025-10-21 17:00:00,2025-10-21,PM,0.00030414781818309593,0.008137086253628694,0.00712728332097392,0.007832938435445599,0.007832938435445599,0.6333689093589783,0.3666311204433441,CALM
2025-10-22 13:00:00,2025-10-22,AM,0.020397503618247496,0.005720513984619315,0.0076010378995752075,-0.01467698963362818,0.01467698963362818,0.7389817833900452,0.2610183656215668,CALM
2025-10-22 17:00:00,2025-10-22,PM,0.0037186283942341695,0.009232550470725237,0.008311216166262729,0.005513922076491068,0.005513922076491068,0.5181549191474915,0.48184508085250854,CALM
2025-10-23 13:00:00,2025-10-23,AM,0.006282420308630829,0.005248684787550731,0.006611481593580932,-0.0010337355210800975,0.0010337355210800975,0.5373571515083313,0.4626428186893463,CALM
2025-10-23 17:00:00,2025-10-23,PM,0.0033868330877110703,0.005921691225585676,0.005748405021481615,0.0025348581378746055,0.0025348581378746055,0.6621723771095276,0.33782759308815,CALM
2025-10-24 13:00:00,2025-10-24,AM,0.014220471408492426,0.006875952867008151,0.008067727218316062,-0.0073445185414842745,0.0073445185414842745,0.6621723771095276,0.33782759308815,CALM
2025-10-24 17:00:00,2025-10-24,PM,0.0013121240223176215,0.006479244291529584,0.0060860613774446045,0.0051671202692119625,0.0051671202692119625,0.5661607980728149,0.43383923172950745,CALM
2025-10-27 13:00:00,2025-10-27,AM,0.01067504553790922,0.007716467115710094,0.006691114373707871,-0.0029585784221991263,0.0029585784221991263,0.6621723771095276,0.3378276526927948,CALM
2025-10-27 17:00:00,2025-10-27,PM,0.011791044505838238,0.008135963188810933,0.007594541554623736,-0.0036550813170273047,0.0036550813170273047,0.5949642062187195,0.4050357937812805,CALM
2025-10-28 13:00:00,2025-10-28,AM,0.00319512829407675,0.008934463549833845,0.007156216853554673,0.005739335255757095,0.005739335255757095,0.5181548595428467,0.48184508085250854,CALM
2025-10-28 17:00:00,2025-10-28,PM,0.0025627230872776337,0.007888576376491655,0.006803490120236463,0.005325853289214021,0.005325853289214021,0.6045653820037842,0.3954346179962158,CALM
2025-10-29 13:00:00,2025-10-29,AM,0.00014876524871220665,0.006008622699268877,0.006357549102713535,0.0058598574505566705,0.0058598574505566705,0.7101783156394958,0.2898218631744385,CALM
2025-10-29 17:00:00,2025-10-29,PM,0.004157084154574218,0.00836242880909508,0.00642195129088309,0.004205344654520863,0.004205344654520863,0.7197794318199158,0.2802206873893738,CALM
2025-10-30 13:00:00,2025-10-30,AM,0.004877337484205098,0.005788089085220594,0.007124359659603206,0.0009107516010154965,0.0009107516010154965,0.7389817833900452,0.2610183656215668,CALM
2025-10-30 17:00:00,2025-10-30,PM,0.040878019489713945,0.006657221667234223,0.007435591831435908,-0.03422079782247972,0.03422079782247972,0.6717735528945923,0.3282264769077301,CALM
2025-10-31 13:00:00,2025-10-31,AM,0.039699208478677916,0.008588547069197284,0.006797547893303944,-0.031110661409480635,0.031110661409480635,0.3261316418647766,0.6738684177398682,STRESS
2025-10-31 17:00:00,2025-10-31,PM,0.004501686507113303,0.0068857121813253675,0.0076717007029312645,0.0023840256742120643,0.0023840256742120643,0.3165304958820343,0.6834695339202881,STRESS
2025-11-03 13:00:00,2025-11-03,AM,0.009549893287513551,0.006306631298690739,0.006280991014282918,-0.0032432619888228126,0.0032432619888228126,0.45094671845436096,0.5490532517433167,STRESS
2025-11-03 17:00:00,2025-11-03,PM,0.004581952176101402,0.008833391479237446,0.0065749587871383975,0.004251439303136044,0.004251439303136044,0.5757618546485901,0.4242381751537323,CALM
2025-11-04 13:00:00,2025-11-04,AM,0.005559482092873381,0.0067442977932732,0.006167487642688134,0.0011848157003998194,0.0011848157003998194,0.6141666173934937,0.3858334422111511,CALM
2025-11-04 17:00:00,2025-11-04,PM,0.0011464286309525492,0.00529259583424596,0.005668175773616044,0.004146167203293411,0.004146167203293411,0.681374728679657,0.318625271320343,CALM
2025-11-05 13:00:00,2025-11-05,AM,0.000981054619765493,0.005719976449321925,0.006618462154002003,0.004738921829556432,0.004738921829556432,0.6813747882843018,0.3186253011226654,CALM
2025-11-05 17:00:00,2025-11-05,PM,0.0004258588990177257,0.0082418105729795,0.007339576342881239,0.007815951673961773,0.007815951673961773,0.7101783156394958,0.2898218035697937,CALM
2025-11-06 13:00:00,2025-11-06,AM,0.0017570633826401612,0.0071384648753333516,0.0071621044850654365,0.00538140149269319,0.00538140149269319,0.7197794318199158,0.2802206873893738,CALM
2025-11-06 17:00:00,2025-11-06,PM,0.0033874179752814496,0.006348388377414508,0.006043975960833916,0.002960970402133058,0.002960970402133058,0.7101783156394958,0.2898218035697937,CALM
2025-11-07 13:00:00,2025-11-07,AM,0.0028595321685486266,0.007254256407384849,0.006579889212936864,0.0043947242388362225,0.0043947242388362225,0.7197794318199158,0.280220627784729,CALM
2025-11-07 17:00:00,2025-11-07,PM,0.001153552884350764,0.006169618730297411,0.0049618778637739456,0.005016065845946647,0.005016065845946647,0.7677852511405945,0.23221492767333984,CALM
2025-11-10 13:00:00,2025-11-10,AM,0.002640044666487905,0.008067196460216204,0.006393193790269682,0.005427151793728299,0.005427151793728299,0.7389817833900452,0.26101839542388916,CALM
2025-11-10 17:00:00,2025-11-10,PM,0.0004455169927040311,0.006572335225797762,0.006956710895802933,0.006126818233093731,0.006126818233093731,0.7581840753555298,0.24181610345840454,CALM
2025-11-11 13:00:00,2025-11-11,AM,0.009365457155057447,0.005844640757884074,0.005888850978594582,-0.0035208163971733727,0.0035208163971733727,0.7485828995704651,0.25141727924346924,CALM
2025-11-11 17:00:00,2025-11-11,PM,0.012261572181283016,0.006579047146129535,0.0047819680907697885,-0.005682525035153482,0.005682525035153482,0.7005770802497864,0.2994230389595032,CALM
2025-11-12 13:00:00,2025-11-12,AM,0.004076587140807377,0.007024713400712126,0.006882365707785019,0.0029481262599047493,0.0029481262599047493,0.5757619142532349,0.42423808574676514,CALM
2025-11-12 17:00:00,2025-11-12,PM,0.002373519947246425,0.006142831001886734,0.006472179078899338,0.0037693110546403092,0.0037693110546403092,0.7005770802497864,0.2994229793548584,CALM
2025-11-13 13:00:00,2025-11-13,AM,0.0008039760702028563,0.0060483633190507495,0.0055059554274986735,0.005244387248847893,0.005244387248847893,0.681374728679657,0.3186253011226654,CALM
2025-11-13 17:00:00,2025-11-13,PM,0.002853382094001367,0.00654779739002481,0.004808236142198603,0.0036944152960234435,0.0036944152960234435,0.7293806672096252,0.2706195116043091,CALM
2025-11-14 13:00:00,2025-11-14,AM,0.006681661311485109,0.007168855263782994,0.0068103222015198596,0.000487193952297885,0.000487193952297885,0.7101781964302063,0.2898218631744385,CALM
2025-11-14 17:00:00,2025-11-14,PM,0.008038041085762036,0.004902477870112973,0.0059938966519553424,-0.003135563215649063,0.003135563215649063,0.6525712013244629,0.3474287688732147,CALM
2025-11-17 13:00:00,2025-11-17,AM,0.011288716921419115,0.005857438281910177,0.0051050882881306355,-0.005431278639508938,0.005431278639508938,0.6717735528945923,0.3282264769077301,CALM
2025-11-17 17:00:00,2025-11-17,PM,0.007746779896362865,0.0075638335598260005,0.006365508298825537,-0.00018294633653686415,0.00018294633653686415,0.5757619142532349,0.42423805594444275,CALM
2025-11-18 13:00:00,2025-11-18,AM,0.0010089875479970577,0.008174545027143987,0.008003053073512897,0.007165557479146929,0.007165557479146929,0.6333689093589783,0.3666311204433441,CALM
2025-11-18 17:00:00,2025-11-18,PM,0.0007846800963108455,0.007046634738141444,0.00606301751732496,0.006261954641830598,0.006261954641830598,0.7101781964302063,0.2898218035697937,CALM
2025-11-19 13:00:00,2025-11-19,AM,0.011299555253933466,0.006771387965013283,0.006203104267177023,-0.0045281672889201825,0.0045281672889201825,0.6909759640693665,0.30902421474456787,CALM
2025-11-19 17:00:00,2025-11-19,PM,0.007456768798801765,0.006699546130154193,0.006682780663207369,-0.0007572226686475723,0.0007572226686475723,0.6045653820037842,0.3954346179962158,CALM
2025-11-20 13:00:00,2025-11-20,AM,0.0029002771873071066,0.007309750102412695,0.006534963813919648,0.004409472915105588,0.004409472915105588,0.5949642062187195,0.4050358533859253,CALM
2025-11-20 17:00:00,2025-11-20,PM,0.011051073826430474,0.007499605872911034,0.006511097450810546,-0.0035514679535194405,0.0035514679535194405,0.6333689093589783,0.36663109064102173,CALM
2025-11-21 13:00:00,2025-11-21,AM,0.016715762514880123,0.008718840239089212,0.006603924464687101,-0.007996922275790911,0.007996922275790911,0.6045653820037842,0.3954346477985382,CALM
2025-11-21 17:00:00,2025-11-21,PM,0.002360057146764897,0.0075658628384872575,0.006420624162920572,0.005205805691722361,0.005205805691722361,0.5085537433624268,0.49144622683525085,CALM
2025-11-24 13:00:00,2025-11-24,AM,0.0128453212678037,0.007302694919744596,0.006379351554785196,-0.005542626348059103,0.005542626348059103,0.6333688497543335,0.3666311204433441,CALM
2025-11-24 17:00:00,2025-11-24,PM,0.002868504717407559,0.008189287257951382,0.007192347797530766,0.005320782540543823,0.005320782540543823,0.6045653820037842,0.3954346179962158,CALM
2025-11-25 13:00:00,2025-11-25,AM,0.010352320708337692,0.006728540636126535,0.0066472339412678326,-0.0036237800722111572,0.0036237800722111572,0.6525712609291077,0.34742873907089233,CALM
2025-11-25 17:00:00,2025-11-25,PM,0.006407970663374754,0.006138737365730148,0.004820741044968841,-0.0002692332976446067,0.0002692332976446067,0.6333689093589783,0.3666311204433441,CALM
2025-11-26 13:00:00,2025-11-26,AM,0.00863035311079334,0.007533513329044504,0.008169747182788805,-0.0010968397817488363,0.0010968397817488363,0.6237677335739136,0.3762322962284088,CALM
2025-11-26 17:00:00,2025-11-26,PM,0.006357665853463439,0.006614458399989853,0.006218361901726493,0.000256792546526414,0.000256792546526414,0.6621724963188171,0.3378276824951172,CALM
2025-11-28 13:00:00,2025-11-28,AM,0.003067542418767984,0.007027941673921988,0.006883215253366561,0.003960399255154004,0.003960399255154004,0.6333688497543335,0.3666311502456665,CALM
2025-11-28 17:00:00,2025-11-28,PM,0.00781268037547177,0.006377111436990825,0.0060457490364470455,-0.0014355689384809456,0.0014355689384809456,0.6525712609291077,0.3474288284778595,CALM
2025-12-01 13:00:00,2025-12-01,AM,0.0,0.006928204767530094,0.005850270383965645,0.006928204767530094,0.006928204767530094,0.6141665577888489,0.3858334422111511,CALM
2025-12-01 17:00:00,2025-12-01,PM,0.015974155422967512,0.0061825433034825555,0.006989810518277558,-0.009791612119484957,0.009791612119484957,0.6909759044647217,0.30902424454689026,CALM
2025-12-02 13:00:00,2025-12-02,AM,0.006473197625375471,0.009105101795653492,0.0065799596257238024,0.002631904170278021,0.002631904170278021,0.5661606788635254,0.4338392913341522,CALM
2025-12-02 17:00:00,2025-12-02,PM,0.003710189765323589,0.00617534461649325,0.006457279120898013,0.002465154851169661,0.002465154851169661,0.5757619142532349,0.42423808574676514,CALM
2025-12-03 13:00:00,2025-12-03,AM,0.001328485721883981,0.007413516355025276,0.007797402324506792,0.0060850306331412946,0.0060850306331412946,0.6333689093589783,0.36663106083869934,CALM
2025-12-03 17:00:00,2025-12-03,PM,0.005964929966849929,0.0069518204764248215,0.00616608244837488,0.0009868905095748925,0.0009868905095748925,0.7293805480003357,0.27061954140663147,CALM
2025-12-04 13:00:00,2025-12-04,AM,0.013427776111006375,0.006113471931158829,0.005912487734789754,-0.0073143041798475455,0.0073143041798475455,0.6429701447486877,0.3570300042629242,CALM
2025-12-04 17:00:00,2025-12-04,PM,0.0010338497560842812,0.007335119753011058,0.006469362567421791,0.006301269996926777,0.006301269996926777,0.6045653820037842,0.3954346179962158,CALM
2025-12-05 13:00:00,2025-12-05,AM,0.006685401086468052,0.0067850303149232525,0.007669411777118171,9.962922845520045e-05,9.962922845520045e-05,0.6621723771095276,0.33782759308815,CALM
2025-12-05 17:00:00,2025-12-05,PM,3.586993561754755e-05,0.007703630367169528,0.007269857479060229,0.00766776043155198,0.00766776043155198,0.6621723771095276,0.3378276526927948,CALM
2025-12-08 13:00:00,2025-12-08,AM,0.004709951720257084,0.006994010236621952,0.007289763378022824,0.002284058516364868,0.002284058516364868,0.7293806672096252,0.27061957120895386,CALM
2025-12-08 17:00:00,2025-12-08,PM,0.0016923828823779301,0.005851807299905429,0.005854663019347927,0.004159424417527499,0.004159424417527499,0.7101783156394958,0.2898218631744385,CALM
2025-12-09 13:00:00,2025-12-09,AM,0.00012591400090390163,0.005536521545566681,0.005559615073521802,0.00541060754466278,0.00541060754466278,0.7101783156394958,0.2898218631744385,CALM
2025-12-09 17:00:00,2025-12-09,PM,0.0026114612901524054,0.0067968599182477414,0.007270432006582642,0.004185398628095336,0.004185398628095336,0.7581841349601746,0.24181610345840454,CALM
2025-12-10 13:00:00,2025-12-10,AM,0.005323753581133671,0.007009798008023808,0.0057700125627952285,0.0016860444268901372,0.0016860444268901372,0.7389817833900452,0.2610183656215668,CALM
2025-12-10 17:00:00,2025-12-10,PM,7.175402722553504e-05,0.00549680286600103,0.00572128283233298,0.005425048838775494,0.005425048838775494,0.7005772590637207,0.29942306876182556,CALM
2025-12-11 13:00:00,2025-12-11,AM,0.007165392076145896,0.0069627248914455675,0.006411454173015777,-0.00020266718470032807,0.00020266718470032807,0.7581841349601746,0.24181610345840454,CALM
2025-12-11 17:00:00,2025-12-11,PM,0.004866540489035032,0.0065008228768601625,0.006133159368105188,0.0016342823878251304,0.0016342823878251304,0.6525712609291077,0.3474287688732147,CALM
2025-12-12 13:00:00,2025-12-12,AM,0.0012594233506507011,0.005850138822997534,0.007138141687052483,0.004590715472346833,0.004590715472346833,0.7005771398544312,0.2994230389595032,CALM
2025-12-12 17:00:00,2025-12-12,PM,0.002193969265330866,0.005713555874652051,0.005930338396753879,0.003519586609321185,0.003519586609321185,0.7293805480003357,0.2706195116043091,CALM
2025-12-15 13:00:00,2025-12-15,AM,0.012235940078662877,0.008479288364084694,0.007171095381577366,-0.003756651714578183,0.003756651714578183,0.7005770802497864,0.2994230389595032,CALM
2025-12-15 17:00:00,2025-12-15,PM,0.0030597215485551324,0.007635171471288712,0.006617576891789405,0.004575449922733579,0.004575449922733579,0.6717736721038818,0.3282264769077301,CALM
2025-12-16 13:00:00,2025-12-16,AM,0.0007846500954568317,0.007385697308892861,0.0073215389339604505,0.00660104721343603,0.00660104721343603,0.6237677335739136,0.3762322664260864,CALM
2025-12-16 17:00:00,2025-12-16,PM,0.0020424545724546475,0.007303822162132598,0.00665550540278278,0.00526136758967795,0.00526136758967795,0.7005770802497864,0.2994230389595032,CALM
2025-12-17 13:00:00,2025-12-17,AM,0.006726646698790086,0.005671471223397741,0.0055925488687808105,-0.0010551754753923446,0.0010551754753923446,0.6909759640693665,0.3090241253376007,CALM
2025-12-17 17:00:00,2025-12-17,PM,0.002791656235595129,0.005804137077791573,0.00691694910116122,0.0030124808421964438,0.0030124808421964438,0.7101781964302063,0.2898218035697937,CALM
2025-12-18 13:00:00,2025-12-18,AM,0.0036716152276262447,0.006088519527346837,0.006534808701693349,0.002416904299720592,0.002416904299720592,0.6621723771095276,0.33782759308815,CALM
2025-12-18 17:00:00,2025-12-18,PM,0.0025687144871764126,0.007644772356835316,0.005802695321161673,0.005076057869658903,0.005076057869658903,0.7005770802497864,0.2994229793548584,CALM
2025-12-19 13:00:00,2025-12-19,AM,0.00432665985325467,0.006118787841453905,0.005892508871852288,0.0017921279881992352,0.0017921279881992352,0.7005770802497864,0.2994229793548584,CALM
2025-12-19 17:00:00,2025-12-19,PM,0.00967681369767097,0.0065917880337835345,0.0067127428347625315,-0.0030850256638874363,0.0030850256638874363,0.7101781964302063,0.2898218035697937,CALM
2025-12-22 13:00:00,2025-12-22,AM,0.005203192274602328,0.007210587723543212,0.005389299297856831,0.002007395448940885,0.002007395448940885,0.6717735528945923,0.3282264471054077,CALM
2025-12-22 17:00:00,2025-12-22,PM,0.005082696662687639,0.007068833899936618,0.007722143811209021,0.001986137237248979,0.001986137237248979,0.6717736124992371,0.3282265067100525,CALM
2025-12-23 13:00:00,2025-12-23,AM,0.004898991325530968,0.0066022516035295345,0.006139508764631744,0.0017032602779985667,0.0017032602779985667,0.6525712609291077,0.3474288284778595,CALM
2025-12-23 17:00:00,2025-12-23,PM,0.0005877383264366158,0.0069333468143675655,0.0062878868752646285,0.00634560848793095,0.00634560848793095,0.7197794914245605,0.280220627784729,CALM
2025-12-24 13:00:00,2025-12-24,AM,0.010375280299122065,0.005799650048455785,0.006227847728697339,-0.004575630250666279,0.004575630250666279,0.7293805480003357,0.27061954140663147,CALM
2025-12-24 17:00:00,2025-12-24,PM,0.005795427275872457,0.007630010992118427,0.00669725712401189,0.0018345837162459695,0.0018345837162459695,0.6813747882843018,0.318625271320343,CALM
2025-12-26 13:00:00,2025-12-26,AM,0.0037580998349022493,0.0077524349112179,0.007018313920572882,0.00399433507631565,0.00399433507631565,0.6621724963188171,0.33782759308815,CALM
2025-12-26 17:00:00,2025-12-26,PM,0.004782165464592618,0.0066507670342054485,0.005757349486373172,0.0018686015696128301,0.0018686015696128301,0.681374728679657,0.3186253607273102,CALM
2025-12-29 13:00:00,2025-12-29,AM,0.00047581575847838094,0.0054010644364558364,0.006034981492658881,0.0049252486779774556,0.0049252486779774556,0.6621723771095276,0.33782759308815,CALM
2025-12-29 17:00:00,2025-12-29,PM,0.0023037693256395325,0.007571421813212608,0.00707309710976151,0.005267652487573076,0.005267652487573076,0.6909759044647217,0.3090241551399231,CALM
2025-12-30 13:00:00,2025-12-30,AM,0.005126714026554823,0.005821313971022708,0.005650522573597899,0.0006945999444678856,0.0006945999444678856,0.7197794318199158,0.2802206873893738,CALM
2025-12-30 17:00:00,2025-12-30,PM,0.002200382287238181,0.005545473408903243,0.006615742587665894,0.0033450911216650623,0.0033450911216650623,0.7101781964302063,0.2898218035697937,CALM
2025-12-31 13:00:00,2025-12-31,AM,0.0008062447755974187,0.007121415286380051,0.006254419881727715,0.006315170510782632,0.006315170510782632,0.7389817833900452,0.2610183358192444,CALM
2025-12-31 17:00:00,2025-12-31,PM,0.003378629728830272,0.00582991963815682,0.006259350307526181,0.0024512899093265482,0.0024512899093265482,0.6909759640693665,0.3090241253376007,CALM
2026-01-02 13:00:00,2026-01-02,AM,0.008088836140385892,0.007825358577319792,0.005667013452393969,-0.0002634775630661005,0.0002634775630661005,0.7005770802497864,0.2994229793548584,CALM
2026-01-02 17:00:00,2026-01-02,PM,0.004920195635049274,0.006618569384224381,0.008293539495315605,0.001698373749175107,0.001698373749175107,0.6429700255393982,0.3570300340652466,CALM
2026-01-05 13:00:00,2026-01-05,AM,0.010983412826202939,0.0069804589641211745,0.00696773406862194,-0.0040029538620817645,0.0040029538620817645,0.6717736124992371,0.3282264769077301,CALM
2026-01-05 17:00:00,2026-01-05,PM,0.002839637239167396,0.007598114254754004,0.0073519608295810595,0.004758477015586608,0.004758477015586608,0.6141664981842041,0.3858334720134735,CALM
2026-01-06 13:00:00,2026-01-06,AM,0.017018957595854315,0.0070710177168068905,0.005918680488377252,-0.009947939879047425,0.009947939879047425,0.681374728679657,0.3186253607273102,CALM
2026-01-06 17:00:00,2026-01-06,PM,0.0019810284965542276,0.007163517030593508,0.008739332033700857,0.0051824885340392805,0.0051824885340392805,0.5949642062187195,0.4050358235836029,CALM
2026-01-07 13:00:00,2026-01-07,AM,0.00019069049084315912,0.007826960085544456,0.0071317739219728124,0.007636269594701297,0.007636269594701297,0.5277560949325562,0.47224387526512146,CALM
2026-01-07 17:00:00,2026-01-07,PM,0.006966002065476597,0.0073564228100449205,0.005908866578638278,0.0003904207445683235,0.0003904207445683235,0.6717735528945923,0.3282264471054077,CALM
2026-01-08 13:00:00,2026-01-08,AM,0.01026917104586727,0.005159386576822494,0.007924810690809202,-0.005109784469044777,0.005109784469044777,0.6429700255393982,0.3570299446582794,CALM
2026-01-08 17:00:00,2026-01-08,PM,0.005417969909745001,0.008474737873949085,0.0057809341983345195,0.003056767964204084,0.003056767964204084,0.6237677335739136,0.3762322664260864,CALM
2026-01-09 13:00:00,2026-01-09,AM,0.005495582545120913,0.00638370829874684,0.0060122983705129,0.0008881257536259264,0.0008881257536259264,0.6717736124992371,0.3282265067100525,CALM
2026-01-09 17:00:00,2026-01-09,PM,0.006498552964422709,0.008381154751749017,0.008746652922592133,0.0018826017873263086,0.0018826017873263086,0.633368968963623,0.36663109064102173,CALM
2026-01-12 13:00:00,2026-01-12,AM,0.006265034425075302,0.008996203477726226,0.007924188711191245,0.002731169052650924,0.002731169052650924,0.6525712609291077,0.34742873907089233,CALM
2026-01-12 17:00:00,2026-01-12,PM,0.002993095097122499,0.006010391692981314,0.006539588097166207,0.003017296595858815,0.003017296595858815,0.6333688497543335,0.3666311204433441,CALM
2026-01-13 13:00:00,2026-01-13,AM,0.0026481948273637656,0.006708683719972244,0.006389082806035154,0.004060488892608479,0.004060488892608479,0.7293805480003357,0.27061954140663147,CALM
2026-01-13 17:00:00,2026-01-13,PM,0.0005747677138786594,0.006861726932858608,0.006696934143619628,0.006286959218979949,0.006286959218979949,0.7101783156394958,0.2898217439651489,CALM
2026-01-14 13:00:00,2026-01-14,AM,0.012915842198242109,0.006008952312749763,0.006111501823508097,-0.0069068898854923455,0.0069068898854923455,0.7293806672096252,0.27061957120895386,CALM
2026-01-14 17:00:00,2026-01-14,PM,0.008693187171405319,0.006491984796505394,0.005146430798815362,-0.0022012023748999247,0.0022012023748999247,0.6621723771095276,0.3378276526927948,CALM
2026-01-15 13:00:00,2026-01-15,AM,0.00011540015014843668,0.006505105428483155,0.006743833651859058,0.006389705278334718,0.006389705278334718,0.5853630304336548,0.4146369993686676,CALM
2026-01-15 17:00:00,2026-01-15,PM,0.006366867603689615,0.006587775397843807,0.00802723986582633,0.00022090779415419228,0.00022090779415419228,0.6525712013244629,0.3474288582801819,CALM
2026-01-16 13:00:00,2026-01-16,AM,0.008357514973193455,0.006938552640903352,0.00676976698743112,-0.0014189623322901027,0.0014189623322901027,0.681374728679657,0.318625271320343,CALM
2026-01-16 17:00:00,2026-01-16,PM,0.0026970524684278786,0.007394897275255863,0.006434057187860675,0.004697844806827984,0.004697844806827984,0.6621724963188171,0.33782756328582764,CALM
2026-01-20 13:00:00,2026-01-20,AM,0.016973645050112018,0.005325958229077639,0.007295667847373942,-0.011647686821034378,0.011647686821034378,0.6717736124992371,0.3282264769077301,CALM
2026-01-20 17:00:00,2026-01-20,PM,0.018077137233536395,0.008574887682135402,0.007645768898071961,-0.009502249551400993,0.009502249551400993,0.5373572707176208,0.46264275908470154,CALM
2026-01-21 13:00:00,2026-01-21,AM,0.003695660794462664,0.007036486495223909,0.007173969039664601,0.0033408257007612454,0.0033408257007612454,0.43174442648887634,0.568255603313446,STRESS
2026-01-21 17:00:00,2026-01-21,PM,0.007579632177795602,0.008790266134645747,0.00637015401205073,0.0012106339568501451,0.0012106339568501451,0.47014912962913513,0.5298509001731873,STRESS
2026-01-22 13:00:00,2026-01-22,AM,0.007803112555874131,0.006319111965175617,0.0062304876979699525,-0.0014840005906985136,0.0014840005906985136,0.5469583868980408,0.45304161310195923,CALM
2026-01-22 17:00:00,2026-01-22,PM,0.0049603973624369885,0.0046148472480819725,0.005847135994471702,-0.00034555011435501593,0.00034555011435501593,0.6429700255393982,0.3570299446582794,CALM
2026-01-23 13:00:00,2026-01-23,AM,0.0004631540875591496,0.0071824527127853505,0.006073737098779992,0.006719298625226201,0.006719298625226201,0.6525712609291077,0.3474288582801819,CALM
2026-01-23 17:00:00,2026-01-23,PM,0.0010882490342654701,0.006496369523205085,0.005329917847538556,0.005408120488939615,0.005408120488939615,0.6909759640693665,0.30902421474456787,CALM
2026-01-26 13:00:00,2026-01-26,AM,0.02740660367827386,0.00513516355764042,0.005320046791189893,-0.022271440120633437,0.022271440120633437,0.7581841349601746,0.24181605875492096,CALM
2026-01-26 17:00:00,2026-01-26,PM,0.0021948742839827838,0.007458326185229146,0.0073564575534309905,0.005263451901246362,0.005263451901246362,0.39333975315093994,0.6066602468490601,STRESS
2026-01-27 13:00:00,2026-01-27,AM,0.020729543692999862,0.00765074959882221,0.008177840571386059,-0.013078794094177653,0.013078794094177653,0.5181549191474915,0.48184508085250854,CALM
2026-01-27 17:00:00,2026-01-27,PM,0.009594525002849524,0.006961816030744593,0.008753605419945945,-0.0026327089721049314,0.0026327089721049314,0.43174445629119873,0.568255603313446,STRESS
2026-01-28 13:00:00,2026-01-28,AM,0.01144827736606141,0.005921512387311603,0.0069061733935716725,-0.005526764978749807,0.005526764978749807,0.46054786443710327,0.5394521355628967,STRESS
2026-01-28 17:00:00,2026-01-28,PM,0.004220734732349838,0.007722527079965701,0.006371403073662511,0.0035017923476158624,0.0035017923476158624,0.5085537433624268,0.49144622683525085,CALM
2026-01-29 13:00:00,2026-01-29,AM,0.004024936560479357,0.007648612149792612,0.009289434482847119,0.003623675589313255,0.003623675589313255,0.5949642658233643,0.40503573417663574,CALM
2026-01-29 17:00:00,2026-01-29,PM,0.010206555296327243,0.006068650875728056,0.008183754225013735,-0.004137904420599187,0.004137904420599187,0.6909759640693665,0.30902421474456787,CALM
2026-01-30 13:00:00,2026-01-30,AM,0.0074108272219218325,0.009456430350425262,0.006787528357817606,0.0020456031285034293,0.0020456031285034293,0.6333689093589783,0.3666311204433441,CALM
2026-01-30 17:00:00,2026-01-30,PM,0.013130649579473437,0.006884713008571581,0.006151366175904699,-0.006245936570901857,0.006245936570901857,0.6909759640693665,0.30902421474456787,CALM
2026-02-02 13:00:00,2026-02-02,AM,0.018990751182878886,0.007466843453701395,0.006595410130080974,-0.01152390772917749,0.01152390772917749,0.5757619738578796,0.42423805594444275,CALM
2026-02-02 17:00:00,2026-02-02,PM,0.02067600387461672,0.007386453991233659,0.007015027990515744,-0.013289549883383062,0.013289549883383062,0.4221433401107788,0.5778567790985107,STRESS
2026-02-03 13:00:00,2026-02-03,AM,0.0038222516151443947,0.009694884656546419,0.00915887488921041,0.0058726330414020245,0.0058726330414020245,0.3741374611854553,0.6258625984191895,STRESS
2026-02-03 17:00:00,2026-02-03,PM,0.001968614248919614,0.0075444373882123305,0.007253973272754522,0.005575823139292717,0.005575823139292717,0.508553683757782,0.491446316242218,CALM
2026-02-04 13:00:00,2026-02-04,AM,0.020112532930212645,0.006042570081493491,0.0061009511306942,-0.014069962848719154,0.014069962848719154,0.6813747882843018,0.3186253309249878,CALM
2026-02-04 17:00:00,2026-02-04,PM,0.005422328196773492,0.006596707361914494,0.00768448674661167,0.0011743791651410021,0.0011743791651410021,0.46054789423942566,0.539452075958252,STRESS
2026-02-05 13:00:00,2026-02-05,AM,0.004531702427900737,0.006948319226106175,0.006201287311131454,0.0024166167982054383,0.0024166167982054383,0.5469583868980408,0.45304161310195923,CALM
2026-02-05 17:00:00,2026-02-05,PM,0.0025402829744055225,0.008280978243786492,0.0070618616781065145,0.0057406952693809694,0.0057406952693809694,0.6525712609291077,0.3474288284778595,CALM
2026-02-06 13:00:00,2026-02-06,AM,0.011387920826845097,0.007565642670968677,0.00856671049438244,-0.0038222781558764195,0.0038222781558764195,0.6909759640693665,0.3090241551399231,CALM
2026-02-06 17:00:00,2026-02-06,PM,0.0038055621428513308,0.006667029326562761,0.005787559633395379,0.00286146718371143,0.00286146718371143,0.6045653820037842,0.3954346179962158,CALM
2026-02-09 13:00:00,2026-02-09,AM,0.018918158297402624,0.004898880950246856,0.005633588808576736,-0.01401927734715577,0.01401927734715577,0.6429700255393982,0.3570299446582794,CALM
2026-02-09 17:00:00,2026-02-09,PM,0.006321618626089257,0.007884638299019257,0.006554625819315892,0.0015630196729299996,0.0015630196729299996,0.48935139179229736,0.5106486082077026,STRESS
2026-02-10 13:00:00,2026-02-10,AM,0.004490451661374092,0.006588109603462972,0.0072600803064274844,0.00209765794208888,0.00209765794208888,0.4989525079727173,0.5010474920272827,STRESS
2026-02-10 17:00:00,2026-02-10,PM,0.0017912962438488952,0.008678488625742416,0.0068887661280702265,0.006887192381893521,0.006887192381893521,0.5949642062187195,0.4050357937812805,CALM
2026-02-11 13:00:00,2026-02-11,AM,0.01651792545164564,0.0071363916524599565,0.006902588464288839,-0.009381533799185684,0.009381533799185684,0.7005770802497864,0.2994229793548584,CALM
2026-02-11 17:00:00,2026-02-11,PM,0.01032798433597625,0.007839215801033382,0.007552266329630864,-0.0024887685349428684,0.0024887685349428684,0.5565595626831055,0.44344043731689453,CALM
2026-02-12 13:00:00,2026-02-12,AM,0.037200177858229565,0.005955130666292918,0.0065494581330396975,-0.031245047191936645,0.031245047191936645,0.48935142159461975,0.5106485486030579,STRESS
2026-02-12 17:00:00,2026-02-12,PM,0.014496307283179402,0.009079564468228262,0.00843159703028611,-0.00541674281495114,0.00541674281495114,0.3165304958820343,0.6834695339202881,STRESS
2026-02-13 13:00:00,2026-02-13,AM,0.009332044144863067,0.007121934580683723,0.0065286531954496674,-0.002210109564179344,0.002210109564179344,0.42214322090148926,0.5778567790985107,STRESS
2026-02-13 17:00:00,2026-02-13,PM,0.013166005668117596,0.006087090606985809,0.006011954470379591,-0.007078915061131787,0.007078915061131787,0.47014904022216797,0.529850959777832,STRESS
2026-02-17 13:00:00,2026-02-17,AM,0.021828891302603744,0.005937210356898233,0.00736226813906619,-0.015891680945705512,0.015891680945705512,0.47014904022216797,0.5298509001731873,STRESS
2026-02-17 17:00:00,2026-02-17,PM,0.008853912121720918,0.008924546412653151,0.008105758287064327,7.063429093223314e-05,7.063429093223314e-05,0.3933398127555847,0.6066602468490601,STRESS
2026-02-18 13:00:00,2026-02-18,AM,0.005293818609715295,0.00856628285210983,0.006795781450779439,0.003272464242394535,0.003272464242394535,0.40294092893600464,0.5970590710639954,STRESS
2026-02-18 17:00:00,2026-02-18,PM,0.0034756362906566275,0.0069571898341070845,0.007029827941950113,0.003481553543450457,0.003481553543450457,0.5949642062187195,0.4050358235836029,CALM
2026-02-19 13:00:00,2026-02-19,AM,0.00409556886473697,0.0056316415671570225,0.0066438724960478915,0.0015360727024200521,0.0015360727024200521,0.6141665577888489,0.3858334422111511,CALM
2026-02-19 17:00:00,2026-02-19,PM,0.010159351024375615,0.006086968915321426,0.006318592973220925,-0.004072382109054189,0.004072382109054189,0.6525713205337524,0.34742873907089233,CALM
2026-02-20 13:00:00,2026-02-20,AM,0.014406285968263174,0.006867328958880321,0.007505140786140609,-0.007538957009382853,0.007538957009382853,0.6141666173934937,0.3858334422111511,CALM
2026-02-20 17:00:00,2026-02-20,PM,0.0011723109100652334,0.006250939376360533,0.007403008569398833,0.005078628466295299,0.005078628466295299,0.5565595626831055,0.44344043731689453,CALM
2026-02-23 13:00:00,2026-02-23,AM,0.00557797398472055,0.006796819609478407,0.008323907305752044,0.001218845624757857,0.001218845624757857,0.6141665577888489,0.3858335018157959,CALM
2026-02-23 17:00:00,2026-02-23,PM,0.001201968367674789,0.006058986210483138,0.0074265427678391165,0.004857017842808349,0.004857017842808349,0.6141665577888489,0.3858334720134735,CALM
2026-02-24 13:00:00,2026-02-24,AM,0.02256711587549324,0.008019748000113385,0.005193778805893337,-0.014547367875379854,0.014547367875379854,0.7197794318199158,0.28022071719169617,CALM
2026-02-24 17:00:00,2026-02-24,PM,0.0011016452347993428,0.00632235758646342,0.00696654623552054,0.005220712351664077,0.005220712351664077,0.48935142159461975,0.5106485486030579,STRESS
2026-02-25 13:00:00,2026-02-25,AM,0.004563916387153427,0.007941980202144846,0.006323058572578079,0.0033780638149914187,0.0033780638149914187,0.5469583868980408,0.45304161310195923,CALM
2026-02-25 17:00:00,2026-02-25,PM,0.0028669796762210683,0.005125728244190638,0.006999799949746291,0.0022587485679695695,0.0022587485679695695,0.6717736124992371,0.3282264471054077,CALM
2026-02-26 13:00:00,2026-02-26,AM,0.00823954125924425,0.006381134405241679,0.006792087330653091,-0.0018584068540025717,0.0018584068540025717,0.7005770802497864,0.2994229793548584,CALM
2026-02-26 17:00:00,2026-02-26,PM,0.0038535693159899723,0.0074829095597066944,0.00501646563196694,0.003629340243716722,0.003629340243716722,0.6525712013244629,0.34742873907089233,CALM
2026-02-27 13:00:00,2026-02-27,AM,0.016174053704030553,0.0070287451705613475,0.006374869117587688,-0.009145308533469206,0.009145308533469206,0.6909759640693665,0.30902421474456787,CALM
2026-02-27 17:00:00,2026-02-27,PM,0.016704906180683196,0.008376967008647568,0.008330543966039806,-0.008327939172035628,0.008327939172035628,0.5565595626831055,0.44344043731689453,CALM
2026-03-02 13:00:00,2026-03-02,AM,0.006565070364915166,0.006949882594071248,0.007472292200558548,0.00038481222915608213,0.00038481222915608213,0.42214322090148926,0.5778567790985107,STRESS
2026-03-02 17:00:00,2026-03-02,PM,0.004938653984305754,0.00578841232073165,0.006423788656432119,0.0008497583364258958,0.0008497583364258958,0.5373572111129761,0.46264275908470154,CALM
2026-03-03 13:00:00,2026-03-03,AM,0.007606330359004572,0.008417861658290735,0.008235013203192323,0.0008115312992861626,0.0008115312992861626,0.6141665577888489,0.3858334422111511,CALM
2026-03-03 17:00:00,2026-03-03,PM,0.004502501075887888,0.007394458088253273,0.006131002083589415,0.0028919570123653853,0.0028919570123653853,0.6525712609291077,0.3474288582801819,CALM
2026-03-04 13:00:00,2026-03-04,AM,0.003632789887886123,0.006841611836485542,0.0060837321428621775,0.0032088219485994192,0.0032088219485994192,0.6717736124992371,0.32822638750076294,CALM
2026-03-04 17:00:00,2026-03-04,PM,0.00868762458731601,0.007044622998897224,0.006575093489861236,-0.0016430015884187858,0.0016430015884187858,0.6621724963188171,0.33782756328582764,CALM
2026-03-05 13:00:00,2026-03-05,AM,0.006728625760756185,0.006711081071272471,0.0060890217759215475,-1.7544689483713592e-05,1.7544689483713592e-05,0.6429700255393982,0.3570299446582794,CALM
2026-03-05 17:00:00,2026-03-05,PM,0.0018045348622225724,0.005222754003166601,0.004609685349208813,0.0034182191409440287,0.0034182191409440287,0.7101781964302063,0.28982192277908325,CALM
2026-03-06 13:00:00,2026-03-06,AM,0.013268796827705613,0.0066927234882661465,0.0054708194468162785,-0.006576073339439467,0.006576073339439467,0.7005770802497864,0.2994230389595032,CALM
2026-03-06 17:00:00,2026-03-06,PM,0.002528052996448669,0.006096352439656176,0.006376961601929974,0.003568299443207507,0.003568299443207507,0.5949642062187195,0.4050358235836029,CALM
2026-03-09 13:00:00,2026-03-09,AM,0.001067639937966926,0.007811016691678713,0.005709016210515643,0.006743376753711787,0.006743376753711787,0.6429701447486877,0.35702988505363464,CALM
2026-03-09 17:00:00,2026-03-09,PM,0.006555498458408783,0.008167101043434967,0.008115533418746724,0.001611602585026184,0.001611602585026184,0.7389817833900452,0.26101839542388916,CALM
2026-03-10 13:00:00,2026-03-10,AM,0.006800003151812549,0.006634666232044267,0.006223162727177985,-0.00016533691976828267,0.00016533691976828267,0.6333689093589783,0.3666311204433441,CALM
2026-03-10 17:00:00,2026-03-10,PM,0.0010343045224775647,0.007041080929571657,0.006702761056857596,0.006006776407094093,0.006006776407094093,0.681374728679657,0.3186253309249878,CALM
2026-03-11 13:00:00,2026-03-11,AM,0.0008051993303275915,0.006202060401404228,0.006434783255946282,0.005396861071076637,0.005396861071076637,0.7197794318199158,0.2802206873893738,CALM
2026-03-11 17:00:00,2026-03-11,PM,0.0008826295256114507,0.006370972768587498,0.006883845396785904,0.005488343242976048,0.005488343242976048,0.7197794914245605,0.2802206873893738,CALM
