date,actual_rv,forecast_rv,forecast_std,error,abs_error,p_calm,p_stress,regime,regime_stability,actual_direction,forecast_direction
2025-03-03,0.2818935833451234,0.2484272719896651,0.13098915073307532,-0.03346631135545827,0.03346631135545827,0.9991940855979919,0.0008061978151090443,CALM,0.9991937875747681,0,0
2025-03-04,0.2524862612158702,0.26796935118594295,0.11770864073389775,0.01548308997007275,0.01548308997007275,0.9891629219055176,0.010837418958544731,CALM,0.9991937875747681,0,1
2025-03-05,0.28232221101809196,0.2533404022437399,0.12867176430049912,-0.02898180877435208,0.02898180877435208,0.9991940855979919,0.0008061978151090443,CALM,0.9991937875747681,1,0
2025-03-06,0.2766214464706559,0.2740633807846024,0.12559289644828495,-0.00255806568605349,0.00255806568605349,0.9991940855979919,0.0008061978151090443,CALM,0.9991937875747681,0,1
2025-03-07,0.2700577973805987,0.23438485766624617,0.12527778943881687,-0.035672939714352536,0.035672939714352536,0.9891629219055176,0.010837411507964134,CALM,0.9991937875747681,0,0
2025-03-10,0.32880111446730564,0.23561093646971162,0.1286187067125813,-0.09319017799759402,0.09319017799759402,0.9991940855979919,0.0008061978151090443,CALM,0.9991937875747681,1,1
2025-03-11,0.3338348241387343,0.253620448515841,0.14087505726387514,-0.0802143756228933,0.0802143756228933,0.9991940855979919,0.0008061978151090443,CALM,0.9991937875747681,1,1
2025-03-12,0.2820914464319636,0.23257831233138482,0.12766962200105098,-0.04951313410057878,0.04951313410057878,0.9991940855979919,0.0008061978151090443,CALM,0.9991937875747681,0,0
2025-03-13,0.3092937711212772,0.2549432359293149,0.12263885874592897,-0.05435053519196231,0.05435053519196231,0.9991940855979919,0.0008061978151090443,CALM,0.9991937875747681,1,1
2025-03-14,0.14835805357390397,0.25759418773062315,0.1396627375308246,0.10923613415671918,0.10923613415671918,0.9991940855979919,0.0008061978151090443,CALM,0.9991937875747681,0,1
2025-03-17,0.24690386751773677,0.2240910462490503,0.11683142406886916,-0.022812821268686473,0.022812821268686473,0.9991940855979919,0.0008061978151090443,CALM,0.9991937875747681,1,0
2025-03-18,0.14843691544253004,0.255042854176456,0.11404221659052599,0.10660593873392596,0.10660593873392596,0.9991940855979919,0.0008061978151090443,CALM,0.9991937875747681,0,1
2025-03-19,0.2110013810025539,0.23193394148294152,0.1377100145950518,0.020932560480387635,0.020932560480387635,0.9991940855979919,0.0008061978151090443,CALM,0.9991937875747681,1,0
2025-03-20,0.2043557200896897,0.24865441086310636,0.12442684694225029,0.044298690773416666,0.044298690773416666,0.9991940855979919,0.0008061978151090443,CALM,0.9991937875747681,0,1
2025-03-21,0.26874250014176454,0.23047281509209924,0.13147044862155527,-0.0382696850496653,0.0382696850496653,0.9991940855979919,0.0008061978151090443,CALM,0.9991937875747681,1,0
2025-03-24,0.24693348821405844,0.23478554342870595,0.1316266056645797,-0.012147944785352499,0.012147944785352499,0.9991940855979919,0.0008061978151090443,CALM,0.9991937875747681,0,1
2025-03-25,0.0872981200281886,0.26942167733170613,0.09885724314428614,0.18212355730351754,0.18212355730351754,0.9991940855979919,0.0008061978151090443,CALM,0.9991937875747681,0,1
2025-03-26,0.202756032003539,0.23295922610697126,0.1268311163685989,0.03020319410343225,0.03020319410343225,0.9991940855979919,0.0008061978151090443,CALM,0.9991937875747681,1,0
2025-03-27,0.11602368983390583,0.25788469751923776,0.12603428179012485,0.14186100768533194,0.14186100768533194,0.9891629219055176,0.010837418027222157,CALM,0.9991937875747681,0,1
2025-03-28,0.2580423705625745,0.2380411884822729,0.1276017722631723,-0.020001182080301605,0.020001182080301605,0.9891629219055176,0.010837423615157604,CALM,0.9991937875747681,1,0
2025-03-31,0.33484713487549106,0.2464066267079618,0.09975521178731256,-0.08844050816752927,0.08844050816752927,0.9991940855979919,0.0008061978151090443,CALM,0.9991937875747681,1,1
2025-04-01,0.24209990931046785,0.26194641382172434,0.15119752716616724,0.019846504511256496,0.019846504511256496,0.9991940855979919,0.0008061978151090443,CALM,0.9991937875747681,0,1
2025-04-02,0.4048197124317062,0.23785598448864195,0.12262061323766629,-0.16696372794306427,0.16696372794306427,0.9991940855979919,0.0008061978151090443,CALM,0.9991937875747681,1,0
2025-04-03,0.36031263169883215,0.24123537582418353,0.15014194534055594,-0.11907725587464862,0.11907725587464862,0.9991940855979919,0.0008061978151090443,CALM,0.9991937875747681,0,1
2025-04-04,0.7964904572637351,0.22397801938345688,0.10989877544984102,-0.5725124378802783,0.5725124378802783,0.9991940855979919,0.0008061978151090443,CALM,0.9991937875747681,1,0
2025-04-07,0.9228975808637014,0.25435515447306994,0.10778419822555053,-0.6685424263906314,0.6685424263906314,0.9991940855979919,0.0008061978151090443,CALM,0.9991937875747681,1,1
2025-04-08,0.547294010870102,0.22325810159766543,0.13101749373369967,-0.32403590927243653,0.32403590927243653,0.9891629219055176,0.010837409645318985,CALM,0.9991937875747681,0,0
2025-04-09,0.9262976161960482,0.24407844952532334,0.12743737171968553,-0.6822191666707249,0.6822191666707249,0.9991940855979919,0.0008061978151090443,CALM,0.9991937875747681,1,1
2025-04-10,0.5036483914304767,0.25101198336580555,0.12347836696627512,-0.25263640806467114,0.25263640806467114,0.9991940855979919,0.0008061978151090443,CALM,0.9991937875747681,0,1
2025-04-11,0.2707996027123659,0.23243911971209177,0.10765044026920705,-0.03836048300027414,0.03836048300027414,0.9991940855979919,0.0008061978151090443,CALM,0.9991937875747681,0,0
2025-04-14,0.39949211030224335,0.2389360834673235,0.1464453560328476,-0.16055602683491985,0.16055602683491985,0.9991940855979919,0.0008061978151090443,CALM,0.9991937875747681,1,1
2025-04-15,0.1991504235886123,0.2308414441820908,0.1451538318561657,0.0316910205934785,0.0316910205934785,0.9991940855979919,0.0008061978151090443,CALM,0.9991937875747681,0,0
2025-04-16,0.346265537684816,0.2630529406393338,0.11869336505794814,-0.08321259704548217,0.08321259704548217,0.9991940855979919,0.0008061978151090443,CALM,0.9991937875747681,1,1
2025-04-17,0.19548887698902015,0.25983068282565097,0.10687044280171593,0.06434180583663082,0.06434180583663082,0.9991940855979919,0.0008061978151090443,CALM,0.9991937875747681,0,0
2025-04-21,0.33453556966151504,0.25810898677530153,0.12691352750208193,-0.07642658288621351,0.07642658288621351,0.9991940855979919,0.0008061978151090443,CALM,0.9991937875747681,1,0
2025-04-22,0.418830390153543,0.21892669412482885,0.12046146063732369,-0.19990369602871416,0.19990369602871416,0.9991940855979919,0.0008061978151090443,CALM,0.9991937875747681,1,0
2025-04-23,0.2642732114434415,0.24757138518315663,0.10232673037989458,-0.01670182626028488,0.01670182626028488,0.9991940855979919,0.0008061978151090443,CALM,0.9991937875747681,0,1
2025-04-24,0.35252145120804523,0.2276124581880415,0.1286109326778789,-0.12490899302000374,0.12490899302000374,0.9991940855979919,0.0008061978151090443,CALM,0.9991937875747681,1,0
2025-04-25,0.17250738726196913,0.23070317209364688,0.13163638487507023,0.058195784831677755,0.058195784831677755,0.9991940855979919,0.0008061978151090443,CALM,0.9991937875747681,0,1
2025-04-28,0.17919814580348215,0.27672477422054553,0.1297629857386305,0.09752662841706339,0.09752662841706339,0.9991940855979919,0.0008061978151090443,CALM,0.9991937875747681,1,1
2025-04-29,0.21043465202188066,0.2511170133993868,0.11281991076376865,0.04068236137750614,0.04068236137750614,0.9991940855979919,0.0008061978151090443,CALM,0.9991937875747681,1,0
2025-04-30,0.9262976161960482,0.2443804174612987,0.09966856750494349,-0.6819171987347495,0.6819171987347495,0.9991940855979919,0.0008061978151090443,CALM,0.9991937875747681,1,0
2025-05-01,0.3456739784089721,0.24009537072688514,0.1382948097909773,-0.10557860768208699,0.10557860768208699,0.9991940855979919,0.0008061978151090443,CALM,0.9991937875747681,0,0
2025-05-02,0.3268100178065514,0.25108709191960776,0.1270584332809618,-0.07572292588694363,0.07572292588694363,0.9991940855979919,0.0008061978151090443,CALM,0.9991937875747681,0,1
2025-05-05,0.2718446879844732,0.24083931978857798,0.11944637222276723,-0.031005368195895222,0.031005368195895222,0.9991940855979919,0.0008061978151090443,CALM,0.9991937875747681,0,0
2025-05-06,0.24113045952585263,0.263059797624395,0.1339937077254268,0.02192933809854239,0.02192933809854239,0.9891629219055176,0.010837421752512455,CALM,0.9991937875747681,0,1
2025-05-07,0.2107173704487968,0.2538965779316655,0.14618202552676604,0.04317920748286869,0.04317920748286869,0.9991940855979919,0.0008061978151090443,CALM,0.9991937875747681,0,0
2025-05-08,0.28133195889626833,0.2537430805315267,0.11998056855822942,-0.02758887836474161,0.02758887836474161,0.9991940855979919,0.0008061978151090443,CALM,0.9991937875747681,1,0
2025-05-09,0.10481538776321997,0.2379365580416346,0.11739396340495571,0.13312117027841464,0.13312117027841464,0.9991940855979919,0.0008061978151090443,CALM,0.9991937875747681,0,0
2025-05-12,0.41647567396597723,0.25611210819769414,0.12998941146175422,-0.1603635657682831,0.1603635657682831,0.9991940855979919,0.0008061978151090443,CALM,0.9991937875747681,1,1
2025-05-13,0.10358672814141107,0.2226367258684383,0.09571705033255147,0.11904999772702723,0.11904999772702723,0.9991940855979919,0.0008061978151090443,CALM,0.9991937875747681,0,0
2025-05-14,0.24374345993988034,0.26112544750963335,0.12741700167993303,0.01738198756975301,0.01738198756975301,0.9891629219055176,0.010837411507964134,CALM,0.9991937875747681,1,1
2025-05-15,0.1679163702220718,0.22980223149364876,0.12706784646730057,0.06188586127157697,0.06188586127157697,0.9991940855979919,0.0008061978151090443,CALM,0.9991937875747681,0,0
2025-05-16,0.14605494710874256,0.22098940731821828,0.14042775983627892,0.07493446020947572,0.07493446020947572,0.9991940855979919,0.0008061978151090443,CALM,0.9991937875747681,0,0
2025-05-19,0.20768305536091353,0.24709974714946556,0.11759222118248422,0.03941669178855203,0.03941669178855203,0.9991940855979919,0.0008061978151090443,CALM,0.9991937875747681,1,1
2025-05-20,0.16697591464095496,0.23089516916730712,0.10046475756262849,0.06391925452635216,0.06391925452635216,0.9991940855979919,0.0008061978151090443,CALM,0.9991937875747681,0,0
2025-05-21,0.16165877194895514,0.2582867253184504,0.13714866085893523,0.09662795336949528,0.09662795336949528,0.9991940855979919,0.0008061978151090443,CALM,0.9991937875747681,0,1
2025-05-22,0.27969147556659135,0.20440900458920358,0.13490938875458175,-0.07528247097738777,0.07528247097738777,0.9991940855979919,0.0008061978151090443,CALM,0.9991937875747681,1,0
2025-05-23,0.1814489765882368,0.26585640714550374,0.1248572276883958,0.08440743055726693,0.08440743055726693,0.9991940855979919,0.0008061978151090443,CALM,0.9991937875747681,0,1
2025-05-27,0.22440955133689625,0.2666407252893955,0.1299517746304928,0.04223117395249923,0.04223117395249923,0.9991940855979919,0.0008061978151090443,CALM,0.9991937875747681,1,1
2025-05-28,0.13689761369978162,0.23400940907634346,0.11057292032404022,0.09711179537656184,0.09711179537656184,0.9991940855979919,0.0008061978151090443,CALM,0.9991937875747681,0,0
2025-05-29,0.19841115302383225,0.26443804366465207,0.1174287197852834,0.06602689064081982,0.06602689064081982,0.9991940855979919,0.0008061978151090443,CALM,0.9991937875747681,1,1
2025-05-30,0.12458595936871363,0.2561223926806551,0.1362475730535717,0.13153643331194148,0.13153643331194148,0.9991940855979919,0.0008061978151090443,CALM,0.9991937875747681,0,0
2025-06-02,0.11959171554598787,0.2833675953677203,0.1393091582001834,0.16377587982173247,0.16377587982173247,0.9991940855979919,0.0008061978151090443,CALM,0.9991937875747681,0,1
2025-06-03,0.0723945801068788,0.25881265428230993,0.13158511762267755,0.18641807417543113,0.18641807417543113,0.9891629219055176,0.01083742268383503,CALM,0.9991937875747681,0,0
2025-06-04,0.10616202117114684,0.22616484957638702,0.12521502425382952,0.12000282840524018,0.12000282840524018,0.9991940855979919,0.0008061978151090443,CALM,0.9991937875747681,1,0
2025-06-05,0.1463197046841735,0.28124181064304254,0.12079415272017181,0.13492210595886905,0.13492210595886905,0.9991940855979919,0.0008061978151090443,CALM,0.9991937875747681,1,1
2025-06-06,0.11458591057378105,0.26398132907219374,0.13627784165951642,0.1493954184984127,0.1493954184984127,0.9991940855979919,0.0008061978151090443,CALM,0.9991937875747681,0,0
2025-06-09,0.0874319272724626,0.24414919761749104,0.1301335851923305,0.15671727034502844,0.15671727034502844,0.9991940855979919,0.0008061978151090443,CALM,0.9991937875747681,0,0
2025-06-10,0.10856683552015406,0.2518979279165191,0.12219519768871044,0.14333109239636505,0.14333109239636505,0.9991940855979919,0.0008061978151090443,CALM,0.9991937875747681,1,1
2025-06-11,0.17883876837335888,0.23881623666666793,0.11051070417528057,0.05997746829330905,0.05997746829330905,0.9991940855979919,0.0008061978151090443,CALM,0.9991937875747681,1,0
2025-06-12,0.1779885906389592,0.2750666768558334,0.13161815528090112,0.09707808621687422,0.09707808621687422,0.9991940855979919,0.0008061978151090443,CALM,0.9991937875747681,0,1
2025-06-13,0.18161998908019913,0.23314160460302277,0.1337543915865222,0.05152161552282364,0.05152161552282364,0.9991940855979919,0.0008061978151090443,CALM,0.9991937875747681,1,0
2025-06-16,0.16507057959115637,0.25107710483127016,0.14181005800260785,0.08600652524011379,0.08600652524011379,0.9991940855979919,0.0008061978151090443,CALM,0.9991937875747681,0,1
2025-06-17,0.09815139989206656,0.24495512013801676,0.11237744326356688,0.1468037202459502,0.1468037202459502,0.9991940855979919,0.0008061978151090443,CALM,0.9991937875747681,0,0
2025-06-18,0.13176303998553193,0.23795106100267663,0.11116742311703526,0.1061880210171447,0.1061880210171447,0.9991940855979919,0.0008061978151090443,CALM,0.9991937875747681,1,0
2025-06-20,0.12506384151921693,0.26619912510729254,0.13349007440664012,0.14113528358807562,0.14113528358807562,0.9991940855979919,0.0008061978151090443,CALM,0.9991937875747681,0,1
2025-06-23,0.24507489041479744,0.2290072265386183,0.11931856613741393,-0.01606766387617914,0.01606766387617914,0.9991940855979919,0.0008061978151090443,CALM,0.9991937875747681,1,0
2025-06-24,0.1260516904564062,0.24726521194795895,0.1331887490021921,0.12121352149155273,0.12121352149155273,0.9991940855979919,0.0008061978151090443,CALM,0.9991937875747681,0,1
2025-06-25,0.12198672276010399,0.2269001955785662,0.10842411188450941,0.10491347281846221,0.10491347281846221,0.9991940855979919,0.0008061978151090443,CALM,0.9991937875747681,0,0
2025-06-26,0.13182159405819222,0.24535437092790383,0.13749130720730304,0.11353277686971161,0.11353277686971161,0.9991940855979919,0.0008061978151090443,CALM,0.9991937875747681,1,1
2025-06-27,0.12477357034746592,0.2561804811113985,0.13318814426663694,0.1314069107639326,0.1314069107639326,0.9991940855979919,0.0008061978151090443,CALM,0.9991937875747681,0,1
2025-06-30,0.12296849549910308,0.2614719828646141,0.1476411091945057,0.13850348736551102,0.13850348736551102,0.9991940855979919,0.0008061978151090443,CALM,0.9991937875747681,0,1
2025-07-01,0.15026231324243786,0.2655836753886536,0.12097428434513932,0.11532136214621572,0.11532136214621572,0.9991940855979919,0.0008061978151090443,CALM,0.9991937875747681,1,1
2025-07-02,0.08702172279153131,0.2516571158528202,0.12479135925516491,0.16463539306128888,0.16463539306128888,0.9991940855979919,0.0008061978151090443,CALM,0.9991937875747681,0,0
2025-07-03,0.1670146430163178,0.2579405241594344,0.1423522352559887,0.09092588114311662,0.09092588114311662,0.9991940855979919,0.0008061978151090443,CALM,0.9991937875747681,1,1
2025-07-07,0.07860036489373776,0.2659234850498449,0.10481182748741733,0.18732312015610716,0.18732312015610716,0.9991940855979919,0.0008061978151090443,CALM,0.9991937875747681,0,1
2025-07-08,0.08216885159419662,0.27118148564686206,0.15615129803666228,0.18901263405266544,0.18901263405266544,0.9891629219055176,0.010837418958544731,CALM,0.9991937875747681,1,1
2025-07-09,0.2697153869776235,0.22283689234256276,0.11634218504770445,-0.04687849463506072,0.04687849463506072,0.9991940855979919,0.0008061978151090443,CALM,0.9991937875747681,1,0
2025-07-10,0.09167949143234555,0.2511756926408535,0.13790763580883805,0.15949620120850794,0.15949620120850794,0.9991940855979919,0.0008061978151090443,CALM,0.9991937875747681,0,1
2025-07-11,0.11425424667130345,0.2327204197163759,0.12206953204894051,0.11846617304507244,0.11846617304507244,0.9991940855979919,0.0008061978151090443,CALM,0.9991937875747681,1,0
2025-07-14,0.08233168347041558,0.25577809325581913,0.1345664241243428,0.17344640978540354,0.17344640978540354,0.9991940855979919,0.0008061978151090443,CALM,0.9991937875747681,0,1
2025-07-15,0.1499172839011089,0.20056779595629937,0.1261222628563527,0.05065051205519047,0.05065051205519047,0.9991940855979919,0.0008061978151090443,CALM,0.9991937875747681,1,0
2025-07-16,0.13451364900955493,0.21424260547300616,0.12487231424908748,0.07972895646345124,0.07972895646345124,0.9991940855979919,0.0008061978151090443,CALM,0.9991937875747681,0,1
2025-07-17,0.13609334839590673,0.24806302225929416,0.10979481663368233,0.11196967386338744,0.11196967386338744,0.9991940855979919,0.0008061978151090443,CALM,0.9991937875747681,1,1
2025-07-18,0.08811014409633883,0.2633808187088811,0.13936765840809756,0.17527067461254225,0.17527067461254225,0.9991940855979919,0.0008061978151090443,CALM,0.9991937875747681,0,1
2025-07-21,0.17901803035212138,0.24995096588261384,0.12514329147712303,0.07093293553049246,0.07093293553049246,0.9991940855979919,0.0008061978151090443,CALM,0.9991937875747681,1,0
2025-07-22,0.12170997266338004,0.24415503808982633,0.1450205194944418,0.12244506542644629,0.12244506542644629,0.9991940855979919,0.0008061978151090443,CALM,0.9991937875747681,0,0
2025-07-23,0.13798259019596304,0.26355108757436685,0.10951079780597715,0.1255684973784038,0.1255684973784038,0.9991940855979919,0.0008061978151090443,CALM,0.9991937875747681,1,1
2025-07-24,0.1466720847150734,0.23508143031600984,0.14251155124658413,0.08840934560093644,0.08840934560093644,0.9991940855979919,0.0008061978151090443,CALM,0.9991937875747681,1,0
2025-07-25,0.1596512706133772,0.24240871448238252,0.11189220663693167,0.08275744386900533,0.08275744386900533,0.9991940855979919,0.0008061978151090443,CALM,0.9991937875747681,1,1
2025-07-28,0.13309913749890717,0.22511233718157045,0.10477903649764389,0.09201319968266328,0.09201319968266328,0.9991940855979919,0.0008061978151090443,CALM,0.9991937875747681,0,0
2025-07-29,0.10558137268444795,0.23720786823341433,0.13077534488614198,0.13162649554896638,0.13162649554896638,0.9991940855979919,0.0008061978151090443,CALM,0.9991937875747681,0,1
2025-07-30,0.9262976161960482,0.25485879177038007,0.12468385955318988,-0.6714388244256682,0.6714388244256682,0.9991940855979919,0.0008061978151090443,CALM,0.9991937875747681,1,1
2025-07-31,0.6590507941487266,0.25309952055588164,0.10298710160612051,-0.40595127359284494,0.40595127359284494,0.9991940855979919,0.0008061978151090443,CALM,0.9991937875747681,0,0
2025-08-01,0.27463453954002365,0.2523533325801516,0.12893242123886317,-0.02228120695987207,0.02228120695987207,0.9991940855979919,0.0008061978151090443,CALM,0.9991937875747681,0,0
2025-08-04,0.3064385308404157,0.2288620934865898,0.13805958357411677,-0.07757643735382591,0.07757643735382591,0.9991940855979919,0.0008061978151090443,CALM,0.9991937875747681,1,0
2025-08-05,0.17601307943195013,0.25031362917678335,0.10579335307866283,0.07430054974483322,0.07430054974483322,0.9991940855979919,0.0008061978151090443,CALM,0.9991937875747681,0,1
2025-08-06,0.17633128598208697,0.23990189215057786,0.13385472994639674,0.06357060616849089,0.06357060616849089,0.9991940855979919,0.0008061978151090443,CALM,0.9991937875747681,1,0
2025-08-07,0.18389983159175596,0.2502424215651642,0.11630369681243774,0.06634258997340822,0.06634258997340822,0.9991940855979919,0.0008061978151090443,CALM,0.9991937875747681,1,1
2025-08-08,0.13012948058078788,0.25518598155538097,0.11813407219694715,0.1250565009745931,0.1250565009745931,0.9991940855979919,0.0008061978151090443,CALM,0.9991937875747681,0,1
2025-08-11,0.1136247436500349,0.2214006374420301,0.13730862932736648,0.10777589379199519,0.10777589379199519,0.9991940855979919,0.0008061978151090443,CALM,0.9991937875747681,0,0
2025-08-12,0.11829005031679649,0.2708983659654428,0.1399492866994053,0.15260831564864633,0.15260831564864633,0.9991940855979919,0.0008061978151090443,CALM,0.9991937875747681,1,1
2025-08-13,0.15018794350483622,0.2638181738065278,0.10728210857383884,0.11363023030169156,0.11363023030169156,0.9991940855979919,0.0008061978151090443,CALM,0.9991937875747681,1,0
2025-08-14,0.10704889761743291,0.24401295805718357,0.14652128217320629,0.13696406043975065,0.13696406043975065,0.9991940855979919,0.0008061978151090443,CALM,0.9991937875747681,0,0
2025-08-15,0.15314527190859603,0.2634080278303395,0.12830269259978053,0.11026275592174348,0.11026275592174348,0.9991940855979919,0.0008061978151090443,CALM,0.9991937875747681,1,1
2025-08-18,0.09794812825317573,0.2612977553683561,0.11860508162394273,0.16334962711518036,0.16334962711518036,0.9991940855979919,0.0008061978151090443,CALM,0.9991937875747681,0,0
2025-08-19,0.16266753266804593,0.2335063679358975,0.1228956724306991,0.07083883526785156,0.07083883526785156,0.9991940855979919,0.0008061978151090443,CALM,0.9991937875747681,1,0
2025-08-20,0.15821872843396986,0.2541489515843333,0.1289605175710374,0.09593022315036345,0.09593022315036345,0.9991940855979919,0.0008061978151090443,CALM,0.9991937875747681,0,1
2025-08-21,0.14963887583306992,0.2167889499588433,0.12396940428001173,0.06715007412577337,0.06715007412577337,0.9991940855979919,0.0008061978151090443,CALM,0.9991937875747681,0,0
2025-08-22,0.22290300323578735,0.24817802147785778,0.1270497441858799,0.02527501824207043,0.02527501824207043,0.9991940855979919,0.0008061978151090443,CALM,0.9991937875747681,1,1
2025-08-25,0.09944666569883581,0.26281550435273054,0.1261370868345007,0.16336883865389473,0.16336883865389473,0.9791316390037537,0.020868632942438126,CALM,0.9991937875747681,0,1
2025-08-26,0.13388058353866766,0.25540533943170385,0.10910135204990538,0.12152475589303618,0.12152475589303618,0.9991940855979919,0.0008061978151090443,CALM,0.9991937875747681,1,0
2025-08-27,0.188814292339383,0.2287391924232599,0.11732836551131529,0.03992490008387692,0.03992490008387692,0.9991940855979919,0.0008061978151090443,CALM,0.9991937875747681,1,0
2025-08-28,0.1292067083751451,0.2564197475187608,0.12173136551790889,0.12721303914361567,0.12721303914361567,0.9991940855979919,0.0008061978151090443,CALM,0.9991937875747681,0,1
2025-08-29,0.16425088735682272,0.26346360780208605,0.10190125117456451,0.09921272044526333,0.09921272044526333,0.9991940855979919,0.0008061978151090443,CALM,0.9991937875747681,1,1
2025-09-02,0.2044015454917294,0.23915128204610075,0.10833235917810867,0.03474973655437136,0.03474973655437136,0.9991940855979919,0.0008061978151090443,CALM,0.9991937875747681,1,0
2025-09-03,0.16301005447789607,0.1980706638155244,0.1368850598132632,0.035060609337628335,0.035060609337628335,0.9991940855979919,0.0008061978151090443,CALM,0.9991937875747681,0,0
2025-09-04,0.12846532733448424,0.2511760954663466,0.13608852760256673,0.12271076813186238,0.12271076813186238,0.9991940855979919,0.0008061978151090443,CALM,0.9991937875747681,0,1
2025-09-05,0.39856012018034487,0.24457414171142527,0.1297724864524838,-0.1539859784689196,0.1539859784689196,0.9891629219055176,0.010837411507964134,CALM,0.9991937875747681,1,0
2025-09-08,0.19396090480750836,0.2508318338374828,0.12223543647426839,0.056870929029974454,0.056870929029974454,0.9991940855979919,0.0008061978151090443,CALM,0.9991937875747681,0,1
2025-09-09,0.10568951452479974,0.2636627985433493,0.12312496269066303,0.15797328401854954,0.15797328401854954,0.9991940855979919,0.0008061978151090443,CALM,0.9991937875747681,0,1
2025-09-10,0.2501299962434963,0.22598586277152474,0.10877901208491583,-0.024144133471971557,0.024144133471971557,0.9891629219055176,0.010837421752512455,CALM,0.9991937875747681,1,0
2025-09-11,0.43912754037068163,0.20784553174779455,0.12562023686101523,-0.2312820086228871,0.2312820086228871,0.9991940855979919,0.0008061978151090443,CALM,0.9991937875747681,1,0
2025-09-12,0.13323081298547865,0.26107140324791506,0.12108420298933496,0.1278405902624364,0.1278405902624364,0.9991940855979919,0.0008061978151090443,CALM,0.9991937875747681,0,1
2025-09-15,0.17219436775491329,0.24571011656453043,0.11396474678309232,0.07351574880961714,0.07351574880961714,0.9991940855979919,0.0008061978151090443,CALM,0.9991937875747681,1,0
2025-09-16,0.1808088565487863,0.2355091496786657,0.12458158763094819,0.054700293129879396,0.054700293129879396,0.9991940855979919,0.0008061978151090443,CALM,0.9991937875747681,1,0
2025-09-17,0.1626521994973623,0.24572875694123947,0.12618038908306828,0.08307655744387718,0.08307655744387718,0.9991940855979919,0.0008061978151090443,CALM,0.9991937875747681,0,1
2025-09-18,0.1791261216281723,0.25509833468511783,0.11824328266397953,0.07597221305694554,0.07597221305694554,0.9991940855979919,0.0008061978151090443,CALM,0.9991937875747681,1,1
2025-09-19,0.2711226989992414,0.25069146258063574,0.11431773729227193,-0.02043123641860567,0.02043123641860567,0.9991940855979919,0.0008061978151090443,CALM,0.9991937875747681,1,0
2025-09-22,0.11357350969890345,0.21995968191611312,0.1217528336301168,0.10638617221720967,0.10638617221720967,0.9991940855979919,0.0008061978151090443,CALM,0.9991937875747681,0,0
2025-09-23,0.13634580116889242,0.22622897143785006,0.1397701417482383,0.08988317026895765,0.08988317026895765,0.9991940855979919,0.0008061978151090443,CALM,0.9991937875747681,1,1
2025-09-24,0.10179727436527003,0.2644897823720664,0.12346202319219246,0.16269250800679635,0.16269250800679635,0.9991940855979919,0.0008061978151090443,CALM,0.9991937875747681,0,1
2025-09-25,0.138481424534561,0.19964361680118514,0.12164401305837655,0.061162192266624144,0.061162192266624144,0.9991940855979919,0.0008061978151090443,CALM,0.9991937875747681,1,0
2025-09-26,0.2276603238436587,0.23266511923589744,0.12242701828954988,0.005004795392238748,0.005004795392238748,0.9991940855979919,0.0008061978151090443,CALM,0.9991937875747681,1,1
2025-09-29,0.11845246715160776,0.2551540777763233,0.12568221429837154,0.13670161062471556,0.13670161062471556,0.9991940855979919,0.0008061978151090443,CALM,0.9991937875747681,0,1
2025-09-30,0.17957397199938624,0.24743904855429394,0.1309636881833847,0.0678650765549077,0.0678650765549077,0.9991940855979919,0.0008061978151090443,CALM,0.9991937875747681,1,0
2025-10-01,0.1495234497379917,0.22161935079756395,0.1309212293817756,0.07209590105957225,0.07209590105957225,0.9991940855979919,0.0008061978151090443,CALM,0.9991937875747681,0,0
2025-10-02,0.13907619403600152,0.2652445500334852,0.13411158341640075,0.12616835599748366,0.12616835599748366,0.9991940855979919,0.0008061978151090443,CALM,0.9991937875747681,0,1
2025-10-03,0.1277991267936186,0.26865618556049187,0.12255816633455008,0.14085705876687327,0.14085705876687327,0.9991940855979919,0.0008061978151090443,CALM,0.9991937875747681,0,1
2025-10-06,0.221656472443762,0.24800447729299185,0.13587658370457953,0.02634800484922986,0.02634800484922986,0.9991940855979919,0.0008061978151090443,CALM,0.9991937875747681,1,0
2025-10-07,0.15779804420459537,0.22977525710507027,0.12353821191509483,0.0719772129004749,0.0719772129004749,0.9991940855979919,0.0008061978151090443,CALM,0.9991937875747681,0,0
2025-10-08,0.1041602647431924,0.27654056858762754,0.1319388799653947,0.17238030384443515,0.17238030384443515,0.9991940855979919,0.0008061978151090443,CALM,0.9991937875747681,0,1
2025-10-09,0.14309061212982646,0.20830755965823913,0.14496536124617454,0.06521694752841267,0.06521694752841267,0.9991940855979919,0.0008061978151090443,CALM,0.9991937875747681,1,0
2025-10-10,0.24316477225436745,0.2185292018422798,0.12321763841449006,-0.024635570412087637,0.024635570412087637,0.9991940855979919,0.0008061978151090443,CALM,0.9991937875747681,1,1
2025-10-13,0.23178839362340814,0.24376876424860386,0.15262051766972046,0.011980370625195719,0.011980370625195719,0.9991940855979919,0.0008061978151090443,CALM,0.9991937875747681,0,1
2025-10-14,0.13581283221794896,0.2467550090924259,0.1457149946231596,0.11094217687447694,0.11094217687447694,0.9991940855979919,0.0008061978151090443,CALM,0.9991937875747681,0,1
2025-10-15,0.1392664961719147,0.24326009909236074,0.09980507064242548,0.10399360292044604,0.10399360292044604,0.9991940855979919,0.0008061978151090443,CALM,0.9991937875747681,1,0
2025-10-16,0.10987002089469972,0.23511651741109424,0.10255732559553016,0.12524649651639452,0.12524649651639452,0.9991940855979919,0.0008061978151090443,CALM,0.9991937875747681,0,0
2025-10-17,0.1227382697635457,0.2710040116755185,0.11872786681277891,0.14826574191197284,0.14826574191197284,0.9991940855979919,0.0008061978151090443,CALM,0.9991937875747681,1,1
2025-10-20,0.14430156698333602,0.2515870988143252,0.11189649548514517,0.10728553183098921,0.10728553183098921,0.9991940855979919,0.0008061978151090443,CALM,0.9991937875747681,1,0
2025-10-21,0.10803401445530428,0.2689740258155283,0.10954327847092624,0.16094001136022404,0.16094001136022404,0.9991940855979919,0.0008061978151090443,CALM,0.9991937875747681,0,1
2025-10-22,0.1869533488754134,0.23168783400461163,0.12745199677166408,0.044734485129198226,0.044734485129198226,0.9991940855979919,0.0008061978151090443,CALM,0.9991937875747681,1,0
2025-10-23,0.10629455853148828,0.1995024070705338,0.11748377459194256,0.09320784853904551,0.09320784853904551,0.9991940855979919,0.0008061978151090443,CALM,0.9991937875747681,0,0
2025-10-24,0.11826157471326802,0.24094469346711692,0.1401955732112877,0.1226831187538489,0.1226831187538489,0.9991940855979919,0.0008061978151090443,CALM,0.9991937875747681,1,1
2025-10-27,0.18543121858941397,0.22829713570559806,0.10977388164360859,0.042865917116184094,0.042865917116184094,0.9991940855979919,0.0008061978151090443,CALM,0.9991937875747681,1,0
2025-10-28,0.4157398017064133,0.2790609472405653,0.12162805122253925,-0.136678854465848,0.136678854465848,0.9991940855979919,0.0008061978151090443,CALM,0.9991937875747681,1,1
2025-10-29,0.6481302107688294,0.2282745511202641,0.13841860552475435,-0.4198556596485653,0.4198556596485653,0.9991940855979919,0.0008061978151090443,CALM,0.9991937875747681,1,0
2025-10-30,0.3331956776822139,0.27733635283592684,0.11570021847067676,-0.055859324846287084,0.055859324846287084,0.9991940855979919,0.0008061978151090443,CALM,0.9991937875747681,0,1
2025-10-31,0.3510446995340802,0.25815270279030156,0.13653156005308978,-0.09289199674377863,0.09289199674377863,0.9991940855979919,0.0008061978151090443,CALM,0.9991937875747681,1,0
2025-11-03,0.14091657294403293,0.23494736666609187,0.12314179184459917,0.09403079372205894,0.09403079372205894,0.9991940855979919,0.0008061978151090443,CALM,0.9991937875747681,0,0
2025-11-04,0.1800257831480913,0.22814773618455012,0.11982134805219534,0.0481219530364588,0.0481219530364588,0.9991940855979919,0.0008061978151090443,CALM,0.9991937875747681,1,0
2025-11-05,0.1309559000635536,0.2502407893759438,0.11473533902129147,0.1192848893123902,0.1192848893123902,0.9991940855979919,0.0008061978151090443,CALM,0.9991937875747681,0,1
2025-11-06,0.27861469420171986,0.2393226460001494,0.10835500493323975,-0.03929204820157045,0.03929204820157045,0.9991940855979919,0.0008061978151090443,CALM,0.9991937875747681,1,0
2025-11-07,0.0969702929560532,0.2719742541744324,0.1336578407809141,0.1750039612183792,0.1750039612183792,0.9991940855979919,0.0008061978151090443,CALM,0.9991937875747681,0,1
2025-11-10,0.19118395003211838,0.2469357215818082,0.09454628229777728,0.05575177154968983,0.05575177154968983,0.9991940855979919,0.0008061978151090443,CALM,0.9991937875747681,1,0
2025-11-11,0.12936612310240042,0.21929212149812297,0.1263154917803173,0.08992599839572255,0.08992599839572255,0.9991940855979919,0.0008061978151090443,CALM,0.9991937875747681,0,0
2025-11-12,0.31304839621230507,0.22285744042123692,0.1565801351157328,-0.09019095579106814,0.09019095579106814,0.9991940855979919,0.0008061978151090443,CALM,0.9991937875747681,1,1
2025-11-13,0.18867595905683032,0.27148480827005145,0.12185637072279623,0.08280884921322113,0.08280884921322113,0.9991940855979919,0.0008061978151090443,CALM,0.9991937875747681,0,1
2025-11-14,0.2618419713289105,0.22755113720704442,0.13290830288849037,-0.03429083412186609,0.03429083412186609,0.9991940855979919,0.0008061978151090443,CALM,0.9991937875747681,1,0
2025-11-17,0.16824771734312868,0.21418583592276627,0.12311855726800648,0.04593811857963759,0.04593811857963759,0.9991940855979919,0.0008061978151090443,CALM,0.9991937875747681,0,0
2025-11-18,0.2865315018080465,0.2782816778428544,0.11041003161944132,-0.008249823965192082,0.008249823965192082,0.9991940855979919,0.0008061978151090443,CALM,0.9991937875747681,1,1
2025-11-19,0.2782418970339855,0.23770451862200875,0.13251399939243774,-0.04053737841197674,0.04053737841197674,0.9991940855979919,0.0008061978151090443,CALM,0.9991937875747681,0,0
2025-11-20,0.3196162325804563,0.21971077355731725,0.12740077726155205,-0.09990545902313905,0.09990545902313905,0.9991940855979919,0.0008061978151090443,CALM,0.9991937875747681,1,0
2025-11-21,0.24507337817957753,0.2676293445878438,0.12485010613152922,0.022555966408266293,0.022555966408266293,0.9991940855979919,0.0008061978151090443,CALM,0.9991937875747681,0,1
2025-11-24,0.17283961101295897,0.22180326599827452,0.10759767709202005,0.04896365498531555,0.04896365498531555,0.9991940855979919,0.0008061978151090443,CALM,0.9991937875747681,0,0
2025-11-25,0.16994249308762077,0.21398538796811203,0.1293625075742779,0.04404289488049126,0.04404289488049126,0.9991940855979919,0.0008061978151090443,CALM,0.9991937875747681,0,0
2025-11-26,0.29447492034084677,0.2475831118808462,0.10751969007654577,-0.04689180846000057,0.04689180846000057,0.9991940855979919,0.0008061978151090443,CALM,0.9991937875747681,1,1
2025-11-28,0.12582873460016658,0.25059701243537713,0.14100104914256298,0.12476827783521055,0.12476827783521055,0.9991940855979919,0.0008061978151090443,CALM,0.9991937875747681,0,1
2025-12-01,0.14917519720031547,0.2418941367430677,0.14078690909966496,0.09271893954275223,0.09271893954275223,0.9991940855979919,0.0008061978151090443,CALM,0.9991937875747681,1,0
2025-12-02,0.12409213130928835,0.27544230118457397,0.12140814232072696,0.1513501698752856,0.1513501698752856,0.9991940855979919,0.0008061978151090443,CALM,0.9991937875747681,0,1
2025-12-03,0.4986785642181876,0.2080396956247556,0.13700454282768637,-0.290638868593432,0.290638868593432,0.9991940855979919,0.0008061978151090443,CALM,0.9991937875747681,1,0
2025-12-04,0.10215576501205231,0.25324926620846444,0.1442014688413627,0.15109350119641213,0.15109350119641213,0.9991940855979919,0.0008061978151090443,CALM,0.9991937875747681,0,1
2025-12-05,0.10418234212381777,0.2435504780870189,0.12637550382711935,0.13936813596320113,0.13936813596320113,0.9991940855979919,0.0008061978151090443,CALM,0.9991937875747681,1,0
2025-12-08,0.220838229345271,0.2697277570716042,0.10625845837694892,0.048889527726333176,0.048889527726333176,0.9991940855979919,0.0008061978151090443,CALM,0.9991937875747681,1,1
2025-12-09,0.11505350192522866,0.24560728764901427,0.11225925724776857,0.13055378572378562,0.13055378572378562,0.9991940855979919,0.0008061978151090443,CALM,0.9991937875747681,0,0
2025-12-10,0.26206923466072335,0.23146108602109336,0.11346550575412725,-0.03060814863962999,0.03060814863962999,0.9991940855979919,0.0008061978151090443,CALM,0.9991937875747681,1,0
2025-12-11,0.22874719709100552,0.24301359376169193,0.13047428206423764,0.01426639667068641,0.01426639667068641,0.9991940855979919,0.0008061978151090443,CALM,0.9991937875747681,0,1
2025-12-12,0.17860298714196418,0.23479824094826685,0.1358568184003822,0.056195253806302664,0.056195253806302664,0.9991940855979919,0.0008061978151090443,CALM,0.9991937875747681,0,0
2025-12-15,0.14910742065950316,0.1995456735123909,0.12077646420518362,0.05043825285288772,0.05043825285288772,0.9991940855979919,0.0008061978151090443,CALM,0.9991937875747681,0,0
2025-12-16,0.1737260147090977,0.22637065461278474,0.11463158708834902,0.052644639903687035,0.052644639903687035,0.9991940855979919,0.0008061978151090443,CALM,0.9991937875747681,1,1
2025-12-17,0.15889256937447,0.2436262803958371,0.12676255845355694,0.08473371102136712,0.08473371102136712,0.9991940855979919,0.0008061978151090443,CALM,0.9991937875747681,0,1
2025-12-18,0.2249136940768834,0.21488357940844827,0.12960444953861933,-0.010030114668435147,0.010030114668435147,0.9891629219055176,0.010837414301931858,CALM,0.9991937875747681,1,0
2025-12-19,0.15548831850161232,0.20977955363437661,0.14281040200948408,0.05429123513276429,0.05429123513276429,0.9991940855979919,0.0008061978151090443,CALM,0.9991937875747681,0,0
2025-12-22,0.121792500373145,0.23945125823380442,0.11410570586677017,0.11765875786065942,0.11765875786065942,0.9991940855979919,0.0008061978151090443,CALM,0.9991937875747681,0,1
2025-12-23,0.0723945801068788,0.2297547527901534,0.1220665322423051,0.1573601726832746,0.1573601726832746,0.9991940855979919,0.0008061978151090443,CALM,0.9991937875747681,0,0
2025-12-24,0.0723945801068788,0.2556666329338102,0.10935615260184059,0.1832720528269314,0.1832720528269314,0.9991940855979919,0.0008061978151090443,CALM,0.9991937875747681,0,1
2025-12-26,0.0723945801068788,0.26499246482376304,0.1648275822732694,0.19259788471688424,0.19259788471688424,0.9991940855979919,0.0008061978151090443,CALM,0.9991937875747681,0,1
2025-12-29,0.12051557276987787,0.23974661038269904,0.12608450666938958,0.11923103761282117,0.11923103761282117,0.9991940855979919,0.0008061978151090443,CALM,0.9991937875747681,1,0
2025-12-30,0.10569357109445529,0.22013982050349656,0.13900995732722518,0.11444624940904127,0.11444624940904127,0.9991940855979919,0.0008061978151090443,CALM,0.9991937875747681,0,0
2025-12-31,0.12821671740862348,0.24042284199241587,0.13136399924975495,0.1122061245837924,0.1122061245837924,0.9991940855979919,0.0008061978151090443,CALM,0.9991937875747681,1,1
2026-01-02,0.30560411183485753,0.23231545676153284,0.13338500160393246,-0.07328865507332469,0.07328865507332469,0.9991940855979919,0.0008061978151090443,CALM,0.9991937875747681,1,0
2026-01-05,0.11397369492981917,0.25447671825522566,0.14742324525371542,0.14050302332540648,0.14050302332540648,0.9991940855979919,0.0008061978151090443,CALM,0.9991937875747681,0,1
2026-01-06,0.16726048191987591,0.26270942697286714,0.13494255372555378,0.09544894505299123,0.09544894505299123,0.9991940855979919,0.0008061978151090443,CALM,0.9991937875747681,1,1
2026-01-07,0.24714417096866467,0.22943004858763985,0.12523354030168266,-0.01771412238102482,0.01771412238102482,0.9991940855979919,0.0008061978151090443,CALM,0.9991937875747681,1,0
2026-01-08,0.1337397383418298,0.2432190715645409,0.11210158836585625,0.10947933322271108,0.10947933322271108,0.9891629219055176,0.010837413370609283,CALM,0.9991937875747681,0,1
2026-01-09,0.20312137287072188,0.22858025439238647,0.1260031538231281,0.02545888152166459,0.02545888152166459,0.9991940855979919,0.0008061978151090443,CALM,0.9991937875747681,1,0
2026-01-12,0.21473302145167047,0.28307556777243276,0.12324644292382757,0.06834254632076228,0.06834254632076228,0.9991940855979919,0.0008061978151090443,CALM,0.9991937875747681,1,1
2026-01-13,0.2597665809456642,0.24927931753184135,0.13995770525489673,-0.010487263413822834,0.010487263413822834,0.9991940855979919,0.0008061978151090443,CALM,0.9991937875747681,1,0
2026-01-14,0.1807451363733779,0.2348683367180098,0.13795727186664117,0.05412320034463189,0.05412320034463189,0.9991940855979919,0.0008061978151090443,CALM,0.9991937875747681,0,0
2026-01-15,0.18075572650656332,0.2143860650586341,0.1004894801069687,0.03363033855207079,0.03363033855207079,0.9991940855979919,0.0008061978151090443,CALM,0.9991937875747681,1,0
2026-01-16,0.13250118876768383,0.21874620940591055,0.12132620065300387,0.08624502063822673,0.08624502063822673,0.9991940855979919,0.0008061978151090443,CALM,0.9991937875747681,0,1
2026-01-20,0.35345819939380263,0.25671176914626326,0.11897792496483425,-0.09674643024753937,0.09674643024753937,0.9991940855979919,0.0008061978151090443,CALM,0.9991937875747681,1,1
2026-01-21,0.3556238659809201,0.22777543889599378,0.14452781915792853,-0.12784842708492633,0.12784842708492633,0.9991940855979919,0.0008061978151090443,CALM,0.9991937875747681,1,0
2026-01-22,0.20356459169829252,0.24261590901807392,0.12142267984519094,0.0390513173197814,0.0390513173197814,0.9991940855979919,0.0008061978151090443,CALM,0.9991937875747681,0,1
2026-01-23,0.44412707063756707,0.2123373642246213,0.14407665460559807,-0.23178970641294577,0.23178970641294577,0.9991940855979919,0.0008061978151090443,CALM,0.9991937875747681,1,0
2026-01-26,0.17848813992983315,0.2715491051865436,0.11208537190452204,0.09306096525671048,0.09306096525671048,0.9991940855979919,0.0008061978151090443,CALM,0.9991937875747681,0,1
2026-01-27,0.2168334208925971,0.24550791507569242,0.10799466211283697,0.02867449418309531,0.02867449418309531,0.9991940855979919,0.0008061978151090443,CALM,0.9991937875747681,1,0
2026-01-28,0.9262976161960482,0.2782374127916266,0.12203688428600909,-0.6480602034044216,0.6480602034044216,0.9991940855979919,0.0008061978151090443,CALM,0.9991937875747681,1,1
2026-01-29,0.8606168585611657,0.2283456672258453,0.13136181106189093,-0.6322711913353204,0.6322711913353204,0.9991940855979919,0.0008061978151090443,CALM,0.9991937875747681,0,0
2026-01-30,0.2844782377906564,0.21326336355418601,0.12051687351108786,-0.07121487423647038,0.07121487423647038,0.9991940855979919,0.0008061978151090443,CALM,0.9991937875747681,0,0
2026-02-02,0.18598073180228925,0.1969870532926365,0.142573902665139,0.011006321490347248,0.011006321490347248,0.9991940855979919,0.0008061978151090443,CALM,0.9991937875747681,0,0
2026-02-03,0.29049496423378635,0.2379966573672935,0.13063346278503785,-0.052498306866492844,0.052498306866492844,0.9891629219055176,0.010837418027222157,CALM,0.9991937875747681,1,1
2026-02-04,0.3097259689014478,0.2277185017504561,0.12535102609736448,-0.08200746715099172,0.08200746715099172,0.9991940855979919,0.0008061978151090443,CALM,0.9991937875747681,1,0
2026-02-05,0.400904789605791,0.23484174308655253,0.10109565588758754,-0.16606304651923848,0.16606304651923848,0.9891629219055176,0.010837411507964134,CALM,0.9991937875747681,1,1
2026-02-06,0.438552454204785,0.24875098752911645,0.11866964510150199,-0.18980146667566855,0.18980146667566855,0.9991940855979919,0.0008061978151090443,CALM,0.9991937875747681,1,1
2026-02-09,0.24058907084975842,0.23742770365687277,0.13462408088529848,-0.00316136719288565,0.00316136719288565,0.9991940855979919,0.0008061978151090443,CALM,0.9991937875747681,0,0
2026-02-10,0.25079893712058093,0.2541183050186666,0.11704383743261629,0.003319367898085679,0.003319367898085679,0.9991940855979919,0.0008061978151090443,CALM,0.9991937875747681,1,1
2026-02-11,0.4923879245283285,0.20782921184485223,0.114626383179756,-0.2845587126834763,0.2845587126834763,0.9991940855979919,0.0008061978151090443,CALM,0.9991937875747681,1,0
2026-02-12,0.32089640686628934,0.22879082420785812,0.12072333500384481,-0.09210558265843122,0.09210558265843122,0.9991940855979919,0.0008061978151090443,CALM,0.9991937875747681,0,1
2026-02-13,0.2043627260939803,0.2881815410337034,0.13985744646548998,0.08381881493972312,0.08381881493972312,0.9991940855979919,0.0008061978151090443,CALM,0.9991937875747681,0,1
2026-02-17,0.23424434402467204,0.22245850890785185,0.13598032768047522,-0.011785835116820187,0.011785835116820187,0.9991940855979919,0.0008061978151090443,CALM,0.9991937875747681,1,0
2026-02-18,0.20549930339352787,0.258448092237853,0.13447243548779736,0.052948788844325106,0.052948788844325106,0.9991940855979919,0.0008061978151090443,CALM,0.9991937875747681,0,1
2026-02-19,0.14786467897857364,0.24170115100634526,0.13662858828150454,0.09383647202777162,0.09383647202777162,0.9991940855979919,0.0008061978151090443,CALM,0.9991937875747681,0,0
2026-02-20,0.18017062394765684,0.26865374672565434,0.11734562434577744,0.0884831227779975,0.0884831227779975,0.9991940855979919,0.0008061978151090443,CALM,0.9991937875747681,1,1
2026-02-23,0.32527841952024317,0.24414428215184372,0.12261337232509803,-0.08113413736839944,0.08113413736839944,0.9991940855979919,0.0008061978151090443,CALM,0.9991937875747681,1,0
2026-02-24,0.15674681639529092,0.27417446911467447,0.132023901010221,0.11742765271938355,0.11742765271938355,0.9991940855979919,0.0008061978151090443,CALM,0.9991937875747681,0,1
2026-02-25,0.31685251604057707,0.2508956722291544,0.12194874407884569,-0.0659568438114227,0.0659568438114227,0.9991940855979919,0.0008061978151090443,CALM,0.9991937875747681,1,0
2026-02-26,0.39480704722961124,0.22774377581760116,0.1312208758493534,-0.16706327141201008,0.16706327141201008,0.9991940855979919,0.0008061978151090443,CALM,0.9991937875747681,1,0
2026-02-27,0.24791753802226435,0.20939510295149721,0.13376187121049382,-0.038522435070767136,0.038522435070767136,0.9991940855979919,0.0008061978151090443,CALM,0.9991937875747681,0,0
2026-03-02,0.39002316478713395,0.23831754467393057,0.13151009062860483,-0.15170562011320338,0.15170562011320338,0.9991940855979919,0.0008061978151090443,CALM,0.9991937875747681,1,1
2026-03-03,0.3799275252796208,0.20591823953352528,0.12299715660530973,-0.17400928574609553,0.17400928574609553,0.9991940855979919,0.0008061978151090443,CALM,0.9991937875747681,0,0
2026-03-04,0.24764557186076408,0.22107853320455134,0.14833534561182016,-0.026567038656212738,0.026567038656212738,0.9791316986083984,0.020868627354502678,CALM,0.9991937875747681,0,1
2026-03-05,0.37435926206714204,0.2343569673469862,0.163016733481554,-0.14000229472015585,0.14000229472015585,0.9991940855979919,0.0008061978151090443,CALM,0.9991937875747681,1,1
2026-03-06,0.23846905811549732,0.21689912720705923,0.12151514868580174,-0.02156993090843809,0.02156993090843809,0.9991940855979919,0.0008061978151090443,CALM,0.9991937875747681,0,0
2026-03-09,0.31785618779478864,0.20849802350844826,0.11762265688641127,-0.10935816428634038,0.10935816428634038,0.9891629219055176,0.010837418958544731,CALM,0.9991937875747681,1,0
2026-03-10,0.24079247694474903,0.23458363973856006,0.10577976244276548,-0.006208837206188977,0.006208837206188977,0.9991940855979919,0.0008061978151090443,CALM,0.9991937875747681,0,1
2026-03-11,0.1853754469491877,0.23412186788339423,0.13891775106915805,0.04874642093420653,0.04874642093420653,0.9991940855979919,0.0008061978151090443,CALM,0.9991937875747681,0,0
