date,actual_rv_abs,actual_rv_sq,forecast_rv_abs,forecast_rv_sq,p_calm,regime,rv_abs_error
2024-03-12,0.07979474785970751,0.06450764853771472,0.24764592979443986,0.19760103526188474,0.08018266782164574,STRESS,0.16785118193473236
2024-03-13,0.18980142634580943,0.1931930944191388,0.2827667207264108,0.22569563288697497,0.08018261194229126,STRESS,0.09296529438060136
2024-03-14,0.1828152683693628,0.14588104536700316,0.25718883493713557,0.2056895719891639,0.10321703925728798,STRESS,0.07437356656777278
2024-03-15,0.37482512655517447,0.30616341312790374,0.29117237802095614,0.23289714183145105,0.03987237624824047,STRESS,0.08365274853421834
2024-03-18,0.3566822478053571,0.2889496342621076,0.2800854234735288,0.2248284755874993,0.05138958618044853,STRESS,0.0765968243318283
2024-03-19,0.20074468330063552,0.1916164505765304,0.27715896886552904,0.22136326162271705,0.039872344583272934,STRESS,0.07641428556489352
2024-03-20,0.1599831489539815,0.12789196508077844,0.3068165206078228,0.24484502276933096,0.06866545230150223,STRESS,0.14683337165384128
2024-03-21,0.5019068945646431,0.5130920845123587,0.28908154665858193,0.23158757117345058,0.039872363209724426,STRESS,0.21282534790606117
2024-03-22,0.10949887675643058,0.10527929308288436,0.24189793485396793,0.19304123780847668,0.03411375731229782,STRESS,0.13239905809753735
2024-03-25,0.12621173488553486,0.13345160442902268,0.2781008178726083,0.22194328951571848,0.05138959363102913,STRESS,0.15188908298707346
2024-03-26,0.10475785387297507,0.10441289331374227,0.27117523542340827,0.21641818405292573,0.1147342398762703,STRESS,0.1664173815504332
2024-03-27,0.2608222773902298,0.22414668410814453,0.260369142826968,0.20847369064295546,0.06866543367505074,STRESS,0.00045313456326179224
2024-03-28,0.15279029570849553,0.16515778674930318,0.26055322523699037,0.2087272663903932,0.04563095420598984,STRESS,0.10776292952849484
2024-04-01,0.12128253885935938,0.13226230740049483,0.2573692875717982,0.20667953616997942,0.09169988334178925,STRESS,0.13608674871243884
2024-04-02,0.10555178829847327,0.10318915386364852,0.28223387519943116,0.22823139033493278,0.10321708768606186,STRESS,0.17668208690095788
2024-04-03,0.14011146520240925,0.12207970622854959,0.2795561672882584,0.22348139212255974,0.10321704670786858,STRESS,0.13944470208584914
2024-04-04,0.3402160694583061,0.2753889484740617,0.28977365949403394,0.2316339688481369,0.06290682218968868,STRESS,0.050442409964272183
2024-04-05,0.16245394853731096,0.13412744826522288,0.3050991584445151,0.24362167891650696,0.03411375358700752,STRESS,0.1426452099072041
2024-04-08,0.09742305849906438,0.08005424465043454,0.24633673596847938,0.1992601254549643,0.051389578729867935,STRESS,0.148913677469415
2024-04-09,0.09991223599360076,0.08073317989519076,0.24940915482134787,0.1990310283375979,0.09169985726475716,STRESS,0.14949691882774713
2024-04-10,0.1291874670149843,0.11501561433864528,0.2797823489797387,0.2235080622544654,0.09745845571160316,STRESS,0.1505948819647544
2024-04-11,0.5629758782459353,0.46896171408731435,0.27019818794209155,0.21580305205833322,0.04563094675540924,STRESS,0.29277769030384376
2024-04-12,0.1583883465127589,0.16650417038967152,0.31658154355167484,0.2530588651985592,0.045630985870957375,STRESS,0.15819319703891593
2024-04-15,0.31451244227772096,0.25276293735558947,0.24903260032724556,0.19903681527750264,0.03411375358700752,STRESS,0.0654798419504754
2024-04-16,0.35411333119280924,0.3623349240442923,0.2307073960233256,0.1840919341284336,0.045630987733602524,STRESS,0.12340593516948364
2024-04-17,0.11166791149404033,0.10878276775279638,0.2657755339302351,0.21208166717401036,0.045630959793925285,STRESS,0.1541076224361948
2024-04-18,0.12436226946388931,0.12686511224947994,0.2406766502896642,0.19239960992279068,0.04563097283244133,STRESS,0.11631438082577489
2024-04-19,0.16867892046253946,0.16966591375073808,0.25615650641170923,0.20438737803359844,0.08018264174461365,STRESS,0.08747758594916977
2024-04-22,0.08248169488327405,0.08157608682497729,0.26162542223917723,0.20881010006767708,0.09745844826102257,STRESS,0.17914372735590317
2024-04-23,0.11584576551078839,0.09316369578930862,0.23246300045673662,0.18575208952021552,0.10321704670786858,STRESS,0.11661723494594824
2024-04-24,0.1590993146219417,0.13516108592449028,0.24366622625655074,0.19930058352170615,0.08018264546990395,STRESS,0.08456691163460903
2024-04-25,0.08963976995662695,0.07402840713118124,0.2540772602716282,0.20272486110809929,0.1320100761950016,STRESS,0.16443749031500124
2024-04-26,0.05055965581220055,0.05432175125912688,0.2560002335487387,0.20429017377559067,0.1262514665722847,STRESS,0.20544057773653812
2024-04-29,0.4931824943097326,0.4799937547603749,0.27299921859972204,0.21784165537558894,0.06290681473910809,STRESS,0.22018327571001056
2024-04-30,0.3460772531359021,0.3700891161830789,0.2684544879381015,0.21442227577584805,0.05714820325374603,STRESS,0.07762276519780059
2024-05-01,0.18317742702316242,0.14663718242667703,0.22391205703618924,0.17866075195991038,0.03411374054849148,STRESS,0.040734630013026824
2024-05-02,1.2113513671546774,1.1869638123443491,0.2430848789674103,0.19680726363489945,0.04563097283244133,STRESS,0.9682664881872671
2024-05-03,0.1150937401843926,0.09430636762663583,0.2918795193881967,0.23403816991522805,0.028355125337839127,STRESS,0.17678577920380406
2024-05-06,0.19804595064612246,0.20050263176249927,0.2725243097272405,0.21989662919980962,0.03987234644591808,STRESS,0.07447835908111805
2024-05-07,0.04403747405740484,0.04514550344165258,0.2586121616866383,0.20650260697503653,0.051389576867222786,STRESS,0.21457468762923348
2024-05-08,0.03627512574620816,0.029002188473583376,0.2610716245664778,0.20836138517543756,0.09169985726475716,STRESS,0.22479649882026964
2024-05-09,0.17170840579287935,0.14967700306236884,0.2621002884908898,0.21300757810475332,0.10321707651019096,STRESS,0.09039188269801043
2024-05-10,0.18867011855917143,0.19666097530193508,0.27084144930075704,0.2161367995710321,0.09169981256127357,STRESS,0.08217133074158561
2024-05-13,0.36294330526317653,0.36647635074581975,0.264466341001554,0.2113531871025561,0.04563096724450588,STRESS,0.09847696426162256
2024-05-14,0.09709402167872208,0.07912241412811911,0.2787591319896048,0.22274506212328288,0.051389578729867935,STRESS,0.1816651103108827
2024-05-15,0.25879572816531937,0.24416700912135622,0.28659253861303297,0.22871556779180988,0.09745842963457108,STRESS,0.027796810447713594
2024-05-16,0.08587337178938757,0.06851703753483668,0.24982707647304062,0.19943033038362185,0.06866543181240559,STRESS,0.16395370468365306
2024-05-17,0.021484723240627817,0.018336077720278426,0.23322168199832796,0.18609236088735231,0.10321705043315887,STRESS,0.21173695875770016
2024-05-20,0.14588294291042786,0.13496116738210717,0.25055255508966306,0.20002298538770086,0.09169983491301537,STRESS,0.1046696121792352
2024-05-21,0.08582578470838594,0.07953513864850446,0.27301631715496494,0.21788596432798338,0.06290682405233383,STRESS,0.18719053244657902
2024-05-22,0.13668752697252548,0.11025142886067013,0.2571137240194497,0.2051473750226227,0.12049288675189018,STRESS,0.12042619704692423
2024-05-23,0.26387439733886237,0.21065545193037724,0.2365763916634642,0.1889288226090062,0.10321704298257828,STRESS,0.027298005675398168
2024-05-24,0.2786861864093084,0.2859957514906778,0.2461813666658117,0.19906999866518607,0.04563097096979618,STRESS,0.03250481974349673
2024-05-28,0.19258999313458944,0.15367480241395196,0.24679328605687464,0.20011835042277681,0.06290680542588234,STRESS,0.05420329292228521
2024-05-29,0.2940478871281455,0.23500982053755373,0.23620179862201515,0.18853469381460938,0.08018265664577484,STRESS,0.05784608850613035
2024-05-30,0.1731851869209378,0.16627001571864147,0.2717466982832584,0.21686147172568945,0.05714820884168148,STRESS,0.09856151136232064
2024-05-31,0.2666240265225614,0.22032709657769162,0.2582041339978289,0.20623689529265,0.08018264546990395,STRESS,0.00841989252473252
2024-06-03,0.13104601760040321,0.1045690365038151,0.2581813572345562,0.20605048425889222,0.04563096538186073,STRESS,0.127135339634153
2024-06-04,0.03763787155239511,0.03357868666834155,0.26541959756961564,0.21208066001282488,0.0686654057353735,STRESS,0.22778172601722052
2024-06-05,0.1584311276528416,0.14087873684887903,0.25726876267467785,0.20626590963458882,0.1377686783671379,STRESS,0.09883763502183626
2024-06-06,0.1425942342972516,0.1275098712898419,0.27491744751228353,0.21967123282806197,0.06290681660175323,STRESS,0.13232321321503193
2024-06-07,0.1775512836990962,0.1579001673080157,0.2871591759045532,0.22973826929580848,0.07442402839660645,STRESS,0.109607892205457
2024-06-10,0.29741923095177425,0.2521333361310973,0.2590270439167019,0.209680311279847,0.06290680170059204,STRESS,0.038392187035072356
2024-06-11,1.0416958616170662,0.9951020732780728,0.24171018845981063,0.19288896848319845,0.034113749861717224,STRESS,0.7999856731572556
2024-06-12,0.6679469090691845,0.6297519641019859,0.2520631041774021,0.20135392366792806,0.022596530616283417,STRESS,0.41588380489178245
2024-06-13,0.26705026753606526,0.21685767275570056,0.2937816466228702,0.23635875974049014,0.028355136513710022,STRESS,0.02673137908680495
2024-06-14,0.18795179299124898,0.1903211723732595,0.27514593431440715,0.21987385144623509,0.04563096910715103,STRESS,0.08719414132315817
2024-06-17,0.33180137141414984,0.34041872427458764,0.2756110929008608,0.22018272101731073,0.04563097283244133,STRESS,0.05619027851328906
2024-06-18,0.15742419993643403,0.17542480310158895,0.22731038816111618,0.18150089848805537,0.03411373868584633,STRESS,0.06988618822468215
2024-06-20,0.28466236526601285,0.31969815439889593,0.2424615809526239,0.19351793781768728,0.06866542622447014,STRESS,0.042200784313388945
2024-06-21,0.1931414461063847,0.19657806839252528,0.27487635021583806,0.2210703813517829,0.06290682591497898,STRESS,0.08173490410945336
2024-06-24,0.20339805389062682,0.17470316590549345,0.2725937335762632,0.21771094637264743,0.051389582455158234,STRESS,0.06919567968563639
2024-06-25,0.09475358535254315,0.07765184355441285,0.25791222883735443,0.20600594646722106,0.06866540759801865,STRESS,0.1631586434848113
2024-06-26,0.3528030194891544,0.3521375539996171,0.2718398210744029,0.21744677335370102,0.05714818835258484,STRESS,0.08096319841475147
2024-06-27,0.06584499663445988,0.0525812073906063,0.27756980795485353,0.22148270163783879,0.06290682032704353,STRESS,0.21172481132039367
2024-06-28,0.19446989761806818,0.20445599912922904,0.28280390757168183,0.2256448882960307,0.09169983118772507,STRESS,0.08833400995361365
2024-07-01,0.3830485155062567,0.4285814349744298,0.2686748570539698,0.2143715373737386,0.039872368797659874,STRESS,0.11437365845228686
2024-07-02,0.17592596471663438,0.16577296027098568,0.28892172370987373,0.2322425742430468,0.04563097283244133,STRESS,0.11299575899323935
2024-07-03,0.14785555498522956,0.1378486343604632,0.3094213943354936,0.24689908811697767,0.057148195803165436,STRESS,0.16156583935026403
2024-07-05,0.3220955008849687,0.29486445433070524,0.2272774858247286,0.1826487313078232,0.06290680542588234,STRESS,0.0948180150602401
2024-07-08,0.08989433972329053,0.07567758528035311,0.2806440193475382,0.22544602275125777,0.03411374241113663,STRESS,0.19074967962424766
2024-07-09,0.0585863662436194,0.06080567850994529,0.2197462725667714,0.17561411678703331,0.06866544112563133,STRESS,0.161159906323152
2024-07-10,0.24101313446133069,0.20612442085538746,0.27715444343714063,0.2222778836320308,0.09169986471533775,STRESS,0.036141308975809944
2024-07-11,0.2958920824738573,0.33353007901019976,0.31791786527278304,0.2539720869292994,0.05138956755399704,STRESS,0.022025782798925753
2024-07-12,0.3065962866468318,0.2729634356420339,0.28941517127095057,0.23121247460538266,0.05714819394052029,STRESS,0.01718111537588124
2024-07-15,0.34777237105569303,0.3614793274093302,0.26480594642941224,0.21131237306151837,0.03411372750997543,STRESS,0.08296642462628079
2024-07-16,0.14357596556972746,0.11638739346598141,0.24621050379373796,0.19655536773754556,0.04563098959624767,STRESS,0.1026345382240105
2024-07-17,0.37991782966267607,0.4012677554710228,0.3025931774628319,0.24314014386386912,0.04563096538186073,STRESS,0.07732465219984419
2024-07-18,0.3398551722052757,0.34615834200103013,0.2592288644739019,0.20684185983646347,0.03987235762178898,STRESS,0.0806263077313738
2024-07-19,0.07839426255398468,0.06443952098376245,0.23459585286902562,0.1872631236878182,0.06290681287646294,STRESS,0.15620159031504094
2024-07-22,0.028232833676564626,0.0231923183759766,0.29417212285468614,0.23484945262760912,0.10321705788373947,STRESS,0.2659392891781215
2024-07-23,0.09453398802583111,0.0896750487450139,0.22623891302016422,0.18058335736564843,0.1320100612938404,STRESS,0.13170492499433312
2024-07-24,0.4930624325020441,0.5152134423506841,0.28093566384836216,0.22548242575227173,0.06290678307414055,STRESS,0.21212676865368196
2024-07-25,0.257383121696478,0.20655001144019705,0.30572248763975884,0.24408308571742512,0.04563096724450588,STRESS,0.048339365943280865
2024-07-26,0.17246959120965422,0.13767249727013828,0.25872708836592306,0.20649329847966122,0.03987237438559532,STRESS,0.08625749715626885
2024-07-29,0.08824299256403773,0.07350170511569569,0.2934655261360094,0.23590426813311619,0.06290683150291443,STRESS,0.20522253357197168
2024-07-30,0.223596715054697,0.18382377240692205,0.26154040457237726,0.2097368121657608,0.06290682032704353,STRESS,0.03794368951768026
2024-07-31,0.3356314668319114,0.3681720444767662,0.2771844688716209,0.2239984070621174,0.05138959176838398,STRESS,0.058446997960290514
2024-08-01,0.2956989614039953,0.2728797927655623,0.2848525829557593,0.22733591586701565,0.02835514210164547,STRESS,0.010846378448235994
2024-08-02,0.5665718786751631,0.452100506465424,0.30944419958738556,0.24703219677026925,0.057148195803165436,STRESS,0.25712767908777756
2024-08-05,0.6429065097734051,0.6988260142086669,0.26563099478928986,0.2119545592960014,0.022596530616283417,STRESS,0.37727551498411527
2024-08-06,0.3528950252392474,0.33027933347633065,0.2753022529386243,0.21977028726279638,0.04563097283244133,STRESS,0.07759277230062306
2024-08-07,0.5983436981635247,0.5081238535031495,0.2732143619606714,0.21814742067194048,0.022596530616283417,STRESS,0.32512933620285334
2024-08-08,0.32252222362190974,0.3368430601866976,0.2911707386915886,0.23292828688062261,0.03411373309791088,STRESS,0.03135148493032114
2024-08-09,0.16829781494483886,0.14811145331400868,0.2730119940630695,0.2179364033474633,0.04563095234334469,STRESS,0.10471417911823061
2024-08-12,0.09730579876200161,0.08405203963543527,0.2619896422827314,0.2091129785336785,0.06866542249917984,STRESS,0.1646838435207298
2024-08-13,0.32626661651473365,0.2977498840950133,0.2552899736871265,0.20458416892195622,0.05714820697903633,STRESS,0.07097664282760713
2024-08-14,0.08081844548758815,0.06463905712472502,0.2347772907164116,0.18925018146806136,0.051389582455158234,STRESS,0.15395884522882344
2024-08-15,0.19159004854010134,0.20386453469593907,0.24347595368455097,0.19571381042623553,0.09169984795153141,STRESS,0.05188590514444963
2024-08-16,0.14640228957916174,0.135271898851124,0.25091204254545957,0.20029494036790454,0.06866541504859924,STRESS,0.10450975296629783
2024-08-19,0.2005507032518335,0.1606634142066966,0.27856004633985537,0.2224197965611449,0.07442403957247734,STRESS,0.07800934308802188
2024-08-20,0.04416112374605764,0.04844923115217345,0.2860776276813281,0.22854131380890993,0.07442404702305794,STRESS,0.24191650393527048
2024-08-21,0.021737727058057495,0.0181800507570488,0.2464873750387477,0.19676702322929435,0.1377686858177185,STRESS,0.22474964798069022
2024-08-22,0.11342542908452295,0.0935517821889465,0.2775107319799041,0.22155357688772367,0.1435272879898548,STRESS,0.16408530289538115
2024-08-23,0.13389399685030431,0.12250336109508041,0.24216876393201275,0.1949132359902901,0.11473425850272179,STRESS,0.10827476708170844
2024-08-26,0.08143014163639598,0.06642069453908322,0.23425989566683367,0.187591659350043,0.1262514442205429,STRESS,0.1528297540304377
2024-08-27,0.15252860852854064,0.16934884530012423,0.24502432763925694,0.1960769053393744,0.08018262684345245,STRESS,0.0924957191107163
2024-08-28,0.14634707924176127,0.1338938081829784,0.2506677925640818,0.20040970334936464,0.10321706533432007,STRESS,0.10432071332232051
2024-08-29,0.559873097665443,0.4999701146169219,0.2498093539721716,0.19934162601509683,0.05138959735631943,STRESS,0.3100637436932714
2024-08-30,0.15594741484138583,0.13883915203326694,0.28649219227450273,0.22867495338335736,0.03411375358700752,STRESS,0.1305447774331169
2024-09-03,0.4367680336645077,0.39005953820133593,0.28400084950809196,0.22663578445903207,0.03411373496055603,STRESS,0.15276718415641577
2024-09-04,0.14198011889603268,0.13184555273625612,0.25299643211507944,0.20350950496453588,0.03987235948443413,STRESS,0.11101631321904676
2024-09-05,0.1680151749805254,0.1585369100573664,0.22865083150686646,0.18262993314208975,0.07442403957247734,STRESS,0.060635656526341064
2024-09-06,0.14885332455742642,0.12827510035028758,0.286155353607512,0.22833005644606802,0.057148195803165436,STRESS,0.13730202905008557
2024-09-09,0.0644419388516583,0.062252739692274496,0.2866698266668953,0.2299162018736075,0.11473425477743149,STRESS,0.22222788781523697
2024-09-10,0.11757663988810972,0.10822859476499536,0.2641116630752191,0.21097972805326787,0.1262514777481556,STRESS,0.14653502318710937
2024-09-11,0.14255641978256853,0.11376720720035292,0.2733879137320335,0.21833140305534224,0.08594124391674995,STRESS,0.130831493949465
2024-09-12,0.03036804478583109,0.025542092866966657,0.2260112998316451,0.18063405082226594,0.09169984981417656,STRESS,0.19564325504581404
2024-09-13,0.1904130199192674,0.15196869244546465,0.26274451935989,0.21019030828686447,0.09169984981417656,STRESS,0.07233149944062262
2024-09-16,0.4713917497948429,0.4964969770651725,0.2306605784544997,0.18488271347568652,0.07442401349544525,STRESS,0.2407311713403432
2024-09-17,0.0715979724516206,0.06362734903180078,0.2763014479660713,0.22045776167227715,0.03987235762178898,STRESS,0.20470347551445073
2024-09-18,0.3038847245706565,0.3382670487139963,0.2676657775972325,0.2169655224677798,0.045630961656570435,STRESS,0.03621894697342404
2024-09-19,0.525318560822109,0.5533536306307819,0.26975783105407775,0.21535637776621996,0.039872363209724426,STRESS,0.2555607297680313
2024-09-20,0.4304841378800558,0.34446352892270343,0.2699281414037977,0.21590542999760567,0.04563098028302193,STRESS,0.16055599647625812
2024-09-23,0.10899082898353941,0.09588173505351581,0.2819267017092626,0.22878264689132505,0.022596530616283417,STRESS,0.1729358727257232
2024-09-24,0.07811329518994571,0.06261559359757063,0.2854884363761332,0.22779627494683324,0.06290680170059204,STRESS,0.2073751411861875
2024-09-25,0.12355404115070089,0.12430931905570067,0.22727510534262013,0.1818692228667567,0.10897565633058548,STRESS,0.10372106419191925
2024-09-26,0.11467786242802008,0.09639751082037842,0.22463848811483889,0.18246655495805633,0.10321706905961037,STRESS,0.1099606256868188
2024-09-27,0.07404070125637138,0.06089850140233486,0.27443133700442984,0.22027185052390513,0.1147342324256897,STRESS,0.20039063574805846
2024-09-30,0.3196463108118234,0.2987059342340651,0.2608686559403528,0.20829752288086315,0.09745845198631287,STRESS,0.058777654871470575
2024-10-01,0.5500397899874369,0.5626748660467273,0.29752436567457674,0.23749931357522022,0.022596530616283417,STRESS,0.2525154243128601
2024-10-02,0.10251049747047646,0.08407769973517988,0.27534888903270227,0.21993083318968185,0.03411374054849148,STRESS,0.1728383915622258
2024-10-03,0.3353673777566906,0.2781196794857652,0.28309997386512953,0.2269151235756502,0.045630961656570435,STRESS,0.05226740389156109
2024-10-04,0.12588819119813352,0.10875312085522748,0.2453280943840636,0.19682705000991368,0.039872365072369576,STRESS,0.11943990318593009
2024-10-07,0.29869838177372865,0.23931973917863777,0.2422926925663497,0.1938445114638787,0.06290680915117264,STRESS,0.056405689207378956
2024-10-08,0.23085666043552322,0.21172929932129295,0.2828636466360689,0.2258703768254344,0.057148197665810585,STRESS,0.05200698620054567
2024-10-09,0.22897109768159604,0.22407093705134076,0.27406883031578944,0.21884206623354086,0.057148199528455734,STRESS,0.045097732634193394
2024-10-10,0.0922217293257624,0.07358881296613641,0.2630749007560578,0.20995198881111896,0.08018262684345245,STRESS,0.17085317143029538
2024-10-11,0.10782336933883767,0.09736881342323549,0.25438005077650483,0.20345459996367027,0.06866541691124439,STRESS,0.14655668143766715
2024-10-14,0.22822107242292497,0.2074566514860111,0.27895209909148466,0.2227348837664374,0.08018264919519424,STRESS,0.05073102666855969
2024-10-15,0.2360477601654778,0.2287683126484417,0.26412809147494937,0.21182763209353525,0.057148199528455734,STRESS,0.028080331309471573
2024-10-16,0.19682792655653528,0.19540371699560444,0.23896276328926874,0.1921796625176367,0.0629067923873663,STRESS,0.042134836732733466
2024-10-17,0.04733091037881351,0.04885535845565468,0.2826052822262376,0.22622154093356026,0.06866543740034103,STRESS,0.23527437184742409
2024-10-18,0.22851560884414265,0.23008400447732336,0.2676656717182696,0.21357227885216906,0.08018261194229126,STRESS,0.03915006287412695
2024-10-21,0.0912897447520334,0.10036079183198701,0.2586627852901357,0.20646823147014945,0.08594126626849174,STRESS,0.1673730405381023
2024-10-22,0.15464556969902216,0.12719637342683127,0.2890907060861596,0.2308211537580825,0.10321705043315887,STRESS,0.13444513638713745
2024-10-23,0.4248567156152907,0.4304578752678523,0.28110070088735784,0.22428674451132374,0.08594118803739548,STRESS,0.14375601472793287
2024-10-24,0.015266494765156322,0.012945832188776733,0.27712687138871606,0.2211179909095256,0.05714821256697178,STRESS,0.2618603766235597
2024-10-25,0.22881871201884113,0.18697675165228475,0.25038602862303083,0.1999155427116509,0.09169986844062805,STRESS,0.0215673166041897
2024-10-28,0.2662035687872663,0.2258905085063944,0.29748946150796535,0.2374965711639292,0.0744240153580904,STRESS,0.03128589272069904
2024-10-29,0.15254935663160488,0.12316200776268174,0.25271419962596925,0.2022500176709837,0.05714819207787514,STRESS,0.10016484299436437
2024-10-30,0.1722846262144362,0.13846025824988217,0.221602829226592,0.17773121745432843,0.09745842218399048,STRESS,0.04931820301215581
2024-10-31,0.38372480173603163,0.3273137672640744,0.2540121339420397,0.20267995782648954,0.06866543740034103,STRESS,0.12971266779399193
2024-11-01,0.0769753267282347,0.06799151191332581,0.2849611824697264,0.22758635438514996,0.03987235575914383,STRESS,0.2079858557414917
2024-11-04,0.1813562668425844,0.1502234371905692,0.2656792246337485,0.2129440191556731,0.06290679425001144,STRESS,0.08432295779116408
2024-11-05,0.08461661058783244,0.08080303580887285,0.26824987628133173,0.21535188119592288,0.10321709141135216,STRESS,0.1836332656934993
2024-11-06,0.20112677750836208,0.16496959763888455,0.34080064927857745,0.27193048583805957,0.09745844453573227,STRESS,0.13967387177021537
2024-11-07,0.3117487953428874,0.31150758239605175,0.28908230934602724,0.23217678676724277,0.06290682218968868,STRESS,0.022666485996860164
2024-11-08,0.03278559530959534,0.030810492604257507,0.23131665587840308,0.18457601411811286,0.06290680728852749,STRESS,0.19853106056880773
2024-11-11,0.3664349903962369,0.32623173952433565,0.21997533003855993,0.17805157034018979,0.06866543367505074,STRESS,0.14645966035767696
2024-11-12,0.08957092583042424,0.07146901181952076,0.27153029962850217,0.21664984421821962,0.05138958804309368,STRESS,0.18195937379807792
2024-11-13,0.0619741235663011,0.0524315633115672,0.23797446874781295,0.18992455587034943,0.08594126254320145,STRESS,0.17600034518151184
2024-11-14,0.18368445953077142,0.1466262044199728,0.2734108031038643,0.21916695900821317,0.10321706533432007,STRESS,0.08972634357309286
2024-11-15,0.203061155042417,0.2168031712393114,0.27640917532451276,0.22054416828037235,0.05714820697903633,STRESS,0.07334802028209575
2024-11-18,0.25852048171494635,0.25632962938568243,0.25031048740381795,0.20044467102491703,0.057148197665810585,STRESS,0.008209994311128399
2024-11-19,0.14699969089703033,0.1182763385236804,0.2682389766926198,0.21410571073841048,0.06290683709084988,STRESS,0.12123928579558949
2024-11-20,0.14493103246428982,0.12063636672747868,0.2822107449080956,0.22585598789880637,0.07442402467131615,STRESS,0.1372797124438058
2024-11-21,0.030134976820398306,0.026565524562475774,0.2701762216463894,0.2158156023955356,0.1262514591217041,STRESS,0.24004124482599107
2024-11-22,0.07552293990017708,0.07440138708199608,0.2695825322798263,0.21513213857286562,0.10321703180670738,STRESS,0.19405959237964923
2024-11-25,0.1909796617752176,0.15761447831656122,0.22163919865037768,0.1780826048064077,0.11473424732685089,STRESS,0.03065953687516007
2024-11-26,0.13227944218638119,0.145923677673786,0.24843146017730197,0.19826146241646708,0.08594119921326637,STRESS,0.11615201799092079
2024-11-27,0.08092226828183015,0.0647095415800905,0.2677844060024647,0.21382100492281964,0.10897564888000488,STRESS,0.1868621377206346
2024-11-29,0.13999132429841218,0.1404798300970934,0.2403977354909408,0.19242306192919736,0.1320100575685501,STRESS,0.1004064111925286
2024-12-02,0.1755725283423203,0.1759009114764323,0.27735401945005345,0.2213059100286648,0.12049287557601929,STRESS,0.10178149110773316
2024-12-03,0.17679473436176918,0.14379316908130965,0.24746374462551748,0.19749041239061588,0.09745845198631287,STRESS,0.0706690102637483
2024-12-04,0.03883514378702065,0.0358490182976052,0.28398235658074333,0.22663626995699576,0.08018265292048454,STRESS,0.24514721279372267
2024-12-05,0.04692499746335239,0.037511876981567306,0.23749713172525766,0.1895673123359322,0.12049289420247078,STRESS,0.19057213426190528
2024-12-06,0.07921820059914775,0.06394725054749227,0.22571011467168076,0.181600358460348,0.1204928569495678,STRESS,0.146491914072533
2024-12-09,0.2343841145621985,0.2606442145735149,0.26942103455921623,0.21497147965711286,0.07442403957247734,STRESS,0.035036919997017746
2024-12-10,0.10366779482925971,0.09391634727178949,0.238341720361802,0.19304894888079185,0.05714819021522999,STRESS,0.13467392553254232
2024-12-11,0.27149289435527396,0.22538175586517326,0.27971513423246924,0.22460055598804957,0.10897566378116608,STRESS,0.008222239877195281
2024-12-12,0.11429750941304749,0.11409975170929161,0.26447676738757003,0.21333543164189184,0.039872363209724426,STRESS,0.15017925797452253
2024-12-13,0.14843300270990528,0.11868204423310187,0.251764556850479,0.20182703945001632,0.057148195803165436,STRESS,0.10333155414057371
2024-12-16,0.1651645124993611,0.14637632961903418,0.2500274648602424,0.2024402009423058,0.06290680170059204,STRESS,0.08486295236088132
2024-12-17,0.13607866251366452,0.1309012012902474,0.24546617984330318,0.19607921461187022,0.09169983863830566,STRESS,0.10938751732963867
2024-12-18,0.31542590531022513,0.35342365104830054,0.24987376988083684,0.2003533467404418,0.11473426222801208,STRESS,0.06555213542938829
2024-12-19,0.2551591005289445,0.22249754005527403,0.31669168997523667,0.25288132162265864,0.03987235948443413,STRESS,0.06153258944629214
2024-12-20,0.2643971770695224,0.22595905402916897,0.24032319086868295,0.19189095218304714,0.039872344583272934,STRESS,0.024073986200839476
2024-12-23,0.039730403874345524,0.03200155398005184,0.25214732590134104,0.20263688635179058,0.03411375731229782,STRESS,0.21241692202699552
2024-12-24,0.1387250575582684,0.11992711084676386,0.2760920243123216,0.22191446823600913,0.10321707651019096,STRESS,0.13736696675405322
2024-12-26,0.0685814200541515,0.06578585881347387,0.2385564079048429,0.1910569151565173,0.1204928420484066,STRESS,0.16997498785069137
2024-12-27,0.41563953187813707,0.36291227103070234,0.22965259906224225,0.18411043721386144,0.12625150009989738,STRESS,0.18598693281589482
2024-12-30,0.2039257857038624,0.2016444960768928,0.3035674290217022,0.24221736056619642,0.02835514210164547,STRESS,0.09964164331783978
2024-12-31,0.09296467512151048,0.0747260352811274,0.27334225836428233,0.2181217498442023,0.08594121411442757,STRESS,0.18037758324277187
2025-01-02,0.3723556864794677,0.370166920113828,0.24852098773834144,0.1984497105795445,0.045630957931280136,STRESS,0.12383469874112626
2025-01-03,0.03118999841291557,0.0332944468539597,0.27443718143345874,0.21908850553406065,0.05138957500457764,STRESS,0.24324718302054318
2025-01-06,0.24286199393694705,0.2089447534755872,0.25386075887838666,0.20601177020598022,0.08594124764204025,STRESS,0.010998764941439615
2025-01-07,0.16228858632470952,0.13811989835459348,0.22735383779191184,0.18204494544416042,0.06290679052472115,STRESS,0.06506525146720232
2025-01-08,0.09443871217218854,0.07924575953441369,0.25453125894619927,0.20334468623754987,0.07442405074834824,STRESS,0.16009254677401075
2025-01-10,0.5829756945045315,0.5383402108565395,0.23560324846890765,0.18846661697100947,0.05138959363102913,STRESS,0.3473724460356238
2025-01-13,0.6011555141874607,0.49455922494091,0.3054438052363864,0.24419464535739954,0.03411373682320118,STRESS,0.2957117089510743
2025-01-14,0.0794461970209654,0.08311820735558569,0.25306009318749373,0.20391720004025446,0.02835514210164547,STRESS,0.17361389616652834
2025-01-15,0.27412108167108373,0.24783523448650124,0.2597176609874819,0.20736696923598774,0.06290681287646294,STRESS,0.014403420683601842
2025-01-16,0.5813997996383201,0.5152229981972867,0.27889438518658444,0.2230348580049161,0.05138959735631943,STRESS,0.3025054144517357
2025-01-17,0.10745629146418922,0.10158255592114979,0.2594470558927942,0.20701115238080978,0.034113725647330284,STRESS,0.15199076442860499
2025-01-21,0.7733783296689904,0.7162111517174814,0.25366054938625476,0.20239903058616387,0.05714819207787514,STRESS,0.5197177802827357
2025-01-22,0.16109086215361135,0.14012946325077458,0.265888883641067,0.21237024573050953,0.03411375544965267,STRESS,0.10479802148745565
2025-01-23,0.04273160392625664,0.03462247608491116,0.2705837748987439,0.21594612688721887,0.06290676817297935,STRESS,0.22785217097248728
2025-01-24,0.06178007843135118,0.06557513107679701,0.2384890325445703,0.1903650217153724,0.1204928606748581,STRESS,0.17670895411321913
2025-01-27,0.44440412970603504,0.4124098113792128,0.2513256145233563,0.2035877855452003,0.06866538897156715,STRESS,0.19307851518267877
2025-01-28,0.6731199352316642,0.6684920799624834,0.3236163428430328,0.258208597006509,0.028355125337839127,STRESS,0.34950359238863143
2025-01-29,0.26688954986017166,0.21924631100873226,0.29518553527339175,0.23801013651345748,0.045630959793925285,STRESS,0.028295985413220093
2025-01-30,0.10560727780744368,0.09069804901400796,0.27823488217445275,0.22209181077366894,0.04563098028302193,STRESS,0.17262760436700908
2025-01-31,0.2634312517467613,0.22528809988933118,0.2597318371038904,0.21158996620661544,0.06290680542588234,STRESS,0.0036994146428708796
2025-02-03,0.6756203459753979,0.6600904740946657,0.240567683788444,0.19270385565120166,0.022596530616283417,STRESS,0.4350526621869539
2025-02-04,0.2937324071090249,0.2933481206628449,0.26293042532194605,0.2098076262502317,0.03411375544965267,STRESS,0.030801981787078825
2025-02-05,0.2307529715200279,0.18484378738939164,0.2737234190419142,0.21874186681663765,0.03987233527004719,STRESS,0.04297044752188631
2025-02-06,0.21650009077329582,0.17668573368317836,0.23958956316102795,0.19181294232754725,0.04563097096979618,STRESS,0.023089472387732124
2025-02-07,0.33636633123205567,0.302065688874447,0.2565789989165572,0.2060257105237918,0.04563097469508648,STRESS,0.07978733231549845
2025-02-10,0.19029163379835343,0.15186997507856248,0.27390223739440556,0.21917563858126732,0.05138958431780338,STRESS,0.08361060359605213
2025-02-11,0.5470523902537574,0.5030858970015386,0.275608755488161,0.21990428258534891,0.039872366935014725,STRESS,0.2714436347655964
2025-02-12,0.2432674334501629,0.20234649340962824,0.28318272231246017,0.2293774226906694,0.022596530616283417,STRESS,0.039915288862297255
2025-02-13,0.27587744032730255,0.24827248814697092,0.26784634553229125,0.21508719978535273,0.051389604806900024,STRESS,0.008031094795011295
2025-02-14,0.17654851090423548,0.18728318221554008,0.3043066849140634,0.2428928558343969,0.04563097469508648,STRESS,0.1277581740098279
2025-02-18,0.042544181732892004,0.0342543463894103,0.28431339343947426,0.22759165986377328,0.1204928569495678,STRESS,0.24176921170658225
2025-02-19,0.023574341606187994,0.021136005586695317,0.2533267731336764,0.20212559547735964,0.13776865601539612,STRESS,0.22975243152748842
2025-02-20,0.05618888332270362,0.04541882528209385,0.2341508237633302,0.18689688966209897,0.18383757770061493,STRESS,0.17796194044062658
2025-02-21,0.14789933246441947,0.11864940294218551,0.2620436789125463,0.20991693302517886,0.09169988334178925,STRESS,0.11414434644812685
2025-02-24,0.18112996024978478,0.16268891290919676,0.26530007637143277,0.21169163785228723,0.07442398369312286,STRESS,0.08417011612164799
2025-02-25,0.27417812372344347,0.21891520450684349,0.299151815063605,0.23899132261332565,0.06290682777762413,STRESS,0.02497369134016153
2025-02-26,0.3891463052278867,0.313462895888425,0.2713225094718043,0.21649145571495315,0.034113720059394836,STRESS,0.11782379575608237
2025-02-27,0.1872165238693491,0.20316385025566022,0.2875489298264945,0.23157467507301602,0.06866537779569626,STRESS,0.1003324059571454
2025-02-28,0.29626609413545274,0.31549257770231437,0.229361745401003,0.18325863415155116,0.057148177176713943,STRESS,0.06690434873444975
2025-03-03,0.21631066838424523,0.242119122709082,0.2945824110144914,0.2353519983686739,0.04563097655773163,STRESS,0.07827174263024617
2025-03-04,0.23662196502772498,0.21337465567130245,0.276144031071933,0.22033868632185868,0.05138957500457764,STRESS,0.03952206604420805
2025-03-05,0.4459822469169715,0.3560573148342782,0.25851175769791,0.20654588533121154,0.04563097096979618,STRESS,0.1874704892190615
2025-03-06,0.0735432594160113,0.06280809542706194,0.29854202760827125,0.23828990831270216,0.034113720059394836,STRESS,0.22499876819225995
2025-03-07,0.2388953322171598,0.2604369508794884,0.28966043360775207,0.231165657400573,0.057148199528455734,STRESS,0.05076510139059226
2025-03-10,0.8905339295668154,0.9276468091782847,0.2569028615782665,0.20721835193475657,0.05714818462729454,STRESS,0.633631067988549
2025-03-11,0.5713411029621606,0.5580968089328185,0.28061771515483125,0.2239210215642088,0.028355125337839127,STRESS,0.2907233878073293
2025-03-12,0.20715711999798644,0.2216730283967183,0.2614206783458636,0.208608687012777,0.028355130925774574,STRESS,0.05426355834787713
2025-03-13,0.4772316750221471,0.43191773358688135,0.3046669659012827,0.24311105615050763,0.04563096910715103,STRESS,0.17256470912086436
2025-03-14,0.22745122329461667,0.23073688013730836,0.26290130860712496,0.20976880132787434,0.028355125337839127,STRESS,0.03545008531250829
2025-03-17,0.26730166647355763,0.2166058724757063,0.26048892238552296,0.2079243228793595,0.06866544112563133,STRESS,0.006812744088034672
2025-03-18,0.15790147297619864,0.13930388116979722,0.29628073649916586,0.2365459075141036,0.03411375358700752,STRESS,0.13837926352296723
2025-03-19,0.1688558736155726,0.16137284732990104,0.3059934049876594,0.24449616225270007,0.06290681660175323,STRESS,0.1371375313720868
2025-03-20,0.15950836515368452,0.14451959979774454,0.27134403610062624,0.21984875510215157,0.09169983863830566,STRESS,0.11183567094694172
2025-03-21,0.24169437250845094,0.20035303689832298,0.24966270375724178,0.1999265845596742,0.0744240265339613,STRESS,0.007968331248790844
2025-03-24,0.18543847014989454,0.14801448730374525,0.22053163156927813,0.17866951001527465,0.03987234830856323,STRESS,0.035093161419383595
2025-03-25,0.1924608611189158,0.17661230786520657,0.26247513994879085,0.20971297273063272,0.06866540759801865,STRESS,0.07001427882987504
2025-03-26,0.15363033967887332,0.1262152370227212,0.2265962961315714,0.18127188246199802,0.06866542436182499,STRESS,0.07296595645269807
2025-03-27,0.1416783655337934,0.12268381804069924,0.2790880638309868,0.2226801365718908,0.08018260449171066,STRESS,0.13740969829719338
2025-03-28,0.39116015874736965,0.3656918883895293,0.25030479282044,0.20033641465251056,0.06866538152098656,STRESS,0.14085536592692965
2025-03-31,0.2774243075761835,0.22776904525847347,0.2940270130440759,0.23473302588802022,0.022596530616283417,STRESS,0.016602705467892387
2025-04-01,0.08601854864095307,0.07676906791484331,0.2523092222663411,0.20157399949213872,0.07442400977015495,STRESS,0.16629067362538805
2025-04-02,0.8648930587915397,0.8717477146624439,0.2775977519255677,0.22176207409989898,0.06866542994976044,STRESS,0.587295306865972
2025-04-03,0.6259970635724267,0.6136622535375942,0.2536161093833795,0.2023672772711314,0.028355132788419724,STRESS,0.3723809541890472
2025-04-04,1.1219846029402742,0.9440955038334087,0.2924449193314969,0.23333780961773246,0.022596530616283417,STRESS,0.8295396836087774
2025-04-07,1.0815268077871008,0.9511790405703813,0.2639590706278115,0.21111881878313926,0.022596530616283417,STRESS,0.8175677371592893
2025-04-08,0.49988743351685755,0.4190628473737687,0.2640432912301513,0.21144501410318908,0.022596530616283417,STRESS,0.23584414228670625
2025-04-09,1.7712468903840475,1.5515436554224693,0.24665952503544958,0.19737934808513996,0.02835514210164547,STRESS,1.524587365348598
2025-04-10,1.0320359653419984,0.9398118573592329,0.25053566414242917,0.20205939875230014,0.022596530616283417,STRESS,0.7815003011995691
2025-04-11,0.6003593470569117,0.641657372853232,0.2705891496020345,0.21591500883235148,0.022596530616283417,STRESS,0.32977019745487723
2025-04-14,0.292487389949894,0.3292523884612217,0.29668929470438943,0.237165014920405,0.022596530616283417,STRESS,0.004201904754495445
2025-04-15,0.09549370493193506,0.07621115659473372,0.24128364058879243,0.19255148655857768,0.03987235948443413,STRESS,0.14578993565685738
2025-04-16,0.5418964027724416,0.450298396700496,0.27569631553991164,0.221921921727448,0.04563096910715103,STRESS,0.2662000872325299
2025-04-17,0.31983869963786604,0.3005127582227362,0.2405368102006608,0.197677286653734,0.022596530616283417,STRESS,0.07930188943720523
2025-04-21,0.6420767464829585,0.5683726444167674,0.27288398819137816,0.2179439534236388,0.034113749861717224,STRESS,0.3691927582915804
2025-04-22,0.5938353802634303,0.6142168268665933,0.2677979522287715,0.2176660857122542,0.022596530616283417,STRESS,0.3260374280346588
2025-04-23,0.36410578483443357,0.38393254331534415,0.2194006158869947,0.17518085211154258,0.02835514210164547,STRESS,0.14470516894743887
2025-04-24,0.29154147671758346,0.23261647310317818,0.27679881798381506,0.22140085781424246,0.05138958618044853,STRESS,0.014742658733768399
2025-04-25,0.008762186773677398,0.009157990734550746,0.23512667828371459,0.18782035884856635,0.0629067961126566,STRESS,0.22636449151003718
2025-04-28,0.12916116136337402,0.12263129681421865,0.3039491693417925,0.24301406371202006,0.10321703180670738,STRESS,0.17478800797841848
2025-04-29,0.0983732146794436,0.09117996450838423,0.22314533811484413,0.17972853581517897,0.0859412383288145,STRESS,0.12477212343540053
2025-04-30,0.1010303537574553,0.11325036247111538,0.2816000852972363,0.2256399824885682,0.08594124019145966,STRESS,0.180569731539781
2025-05-01,0.3127410794478928,0.33121588034494365,0.23292652677989753,0.18587995537153318,0.08018266037106514,STRESS,0.07981455266799528
2025-05-02,0.20119436510392463,0.21718995734350918,0.2529082667923289,0.20200135873036787,0.034113747999072075,STRESS,0.051713901688404285
2025-05-05,0.4248495679516144,0.4114288462268073,0.2508104510075151,0.20011999440747016,0.04563097096979618,STRESS,0.1740391169440993
2025-05-06,0.13577526675213894,0.11783527380270384,0.3174951156974021,0.25411492786226264,0.045630957931280136,STRESS,0.18171984894526313
2025-05-07,0.24608891297788832,0.21690024622702836,0.2786070974256314,0.22343830418037333,0.06290680915117264,STRESS,0.03251818444774307
2025-05-08,0.3994563116240304,0.32172856066802397,0.2810256327026008,0.22465212483385436,0.057148195803165436,STRESS,0.11843067892142961
2025-05-09,0.09593835075213102,0.07654784009745462,0.25276187297497266,0.20167865374412075,0.051389578729867935,STRESS,0.15682352222284163
2025-05-12,0.8345496295123753,0.8328049319420526,0.24145691319411763,0.19267247275363675,0.034113747999072075,STRESS,0.5930927163182577
2025-05-13,0.07986633030304341,0.06480199266278631,0.2762281285787623,0.22343574859716106,0.028355129063129425,STRESS,0.19636179827571887
2025-05-14,0.008628158452606532,0.00781904470313347,0.26197529523460716,0.20909944936091743,0.06866538524627686,STRESS,0.2533471367820006
2025-05-15,0.06781312625422467,0.06877595900352974,0.2510496122933943,0.20032514514586316,0.14352726936340332,STRESS,0.18323648603916962
2025-05-16,0.06077367611204327,0.05613253585967949,0.2585839382134074,0.20637789137945303,0.1147342398762703,STRESS,0.19781026210136415
2025-05-19,0.14058107495166253,0.12845328273836695,0.2087720409805518,0.16816993107431977,0.1204928606748581,STRESS,0.06819096602888927
2025-05-20,0.10381139939123668,0.08770245086968381,0.21504176269881092,0.1728263318882472,0.1262514963746071,STRESS,0.11123036330757424
2025-05-21,0.3182006861518492,0.272520006580322,0.2744904681620591,0.21910546794268618,0.09169983491301537,STRESS,0.043710217989790134
2025-05-22,0.0341668029467056,0.029236870984622007,0.27004985162710826,0.21676099798009815,0.06290680728852749,STRESS,0.23588304868040266
2025-05-23,0.4606733667198383,0.4574645024756453,0.2757618869761364,0.22003210945666343,0.05138957314193249,STRESS,0.18491147974370187
2025-05-27,0.3585047531557235,0.38371531279645194,0.30442295975556755,0.2428953048305419,0.03987234830856323,STRESS,0.05408179340015595
2025-05-28,0.103738443656503,0.08283954411364008,0.29740149941898697,0.23825249056302086,0.03987235017120838,STRESS,0.19366305576248397
2025-05-29,0.03726176256280243,0.029736254351371044,0.2104028892637478,0.16871891915401413,0.10321707651019096,STRESS,0.1731411267009454
2025-05-30,0.4012550668851875,0.3226208193906174,0.2945467441604347,0.23817664516978448,0.05714818835258484,STRESS,0.10670832272475278
2025-06-02,0.1013503508100067,0.09151160243089404,0.2611091994850666,0.2085875435663139,0.051389576867222786,STRESS,0.1597588486750599
2025-06-03,0.0978831293393966,0.09208931017729995,0.21367307768188298,0.17102445742144046,0.06866542436182499,STRESS,0.11578994834248639
2025-06-04,0.07349434508347605,0.0626850047741133,0.2373788199474751,0.18944702606605676,0.12049288675189018,STRESS,0.16388447486399904
2025-06-05,0.1242221524601395,0.10300563243585589,0.24466124310271684,0.19568338507477004,0.1262514777481556,STRESS,0.12043909064257734
2025-06-06,0.23150684873430827,0.18834303607098785,0.26498167320591237,0.21489598384409447,0.057148177176713943,STRESS,0.0334748244716041
2025-06-09,0.2691825817570897,0.25702051608340765,0.24834677495250018,0.1987522239661018,0.057148195803165436,STRESS,0.02083580680458952
2025-06-10,0.0779879940113538,0.08644692597745776,0.26921855545505524,0.21597947530243145,0.05138959363102913,STRESS,0.19123056144370143
2025-06-11,0.23743839556312277,0.1907359411590712,0.26852691901885667,0.21482086877021186,0.06290680915117264,STRESS,0.031088523455733902
2025-06-12,0.08206449894560415,0.06551680064206963,0.24691283686527596,0.1970226814311465,0.06290680915117264,STRESS,0.1648483379196718
2025-06-13,0.19062608091558395,0.15679924263327485,0.2311891390239561,0.18477367022647379,0.06866542994976044,STRESS,0.04056305810837216
2025-06-16,0.11340669241326157,0.09543137338362816,0.2831459527020856,0.22756673703552263,0.05714819394052029,STRESS,0.16973926028882402
2025-06-17,0.16650053379471405,0.1333522462307688,0.24002086739770653,0.19166464857490498,0.09745847433805466,STRESS,0.07352033360299248
2025-06-18,0.07530924578130492,0.06538498001637,0.2315649101931882,0.18478223310339092,0.08018265292048454,STRESS,0.15625566441188327
2025-06-20,0.318388575159637,0.2583881298568996,0.23971820251193843,0.19205791956458318,0.1147342287003994,STRESS,0.07867037264769855
2025-06-23,0.18320321822522415,0.1520558854202276,0.2756538222406603,0.21995191859584917,0.057148197665810585,STRESS,0.09245060401543617
2025-06-24,0.18900864451276989,0.15511112173777747,0.2653772172714821,0.2119455360129331,0.03411373496055603,STRESS,0.07636857275871223
2025-06-25,0.13404107841266347,0.11386315426259355,0.26381024809958187,0.2135681224722549,0.06290682405233383,STRESS,0.1297691696869184
2025-06-26,0.1675979980974824,0.13683487920775037,0.2433542843996106,0.19436952153027837,0.057148201391100883,STRESS,0.07575628630212819
2025-06-27,0.21051054326894017,0.16879594201606216,0.23991140301860858,0.19142441354474607,0.09169989079236984,STRESS,0.029400859749668412
2025-06-30,0.44213359996262536,0.42036010601540913,0.2739078949650104,0.21995722703929685,0.06866540387272835,STRESS,0.16822570499761497
2025-07-01,0.25658635396433466,0.2049160754687071,0.2885204460292745,0.2317526866280324,0.028355136513710022,STRESS,0.031934092064939856
2025-07-02,0.18111652808107184,0.15841235853630453,0.2712506993083575,0.21706818582626528,0.05714821442961693,STRESS,0.09013417122728565
2025-07-03,0.11375426792039851,0.1283579460895791,0.24193027605428363,0.1966458937873241,0.05138959735631943,STRESS,0.12817600813388513
2025-07-07,0.2726909314888466,0.23727877924535445,0.26811031670428426,0.21394390108714723,0.06866541877388954,STRESS,0.004580614784562342
2025-07-08,0.08574753888806841,0.07386017254623409,0.2665870822736923,0.2152379834045405,0.06290680356323719,STRESS,0.1808395433856239
2025-07-09,0.29368573648124396,0.23808769054530457,0.2564378819990427,0.20465421096805297,0.08018262684345245,STRESS,0.03724785448220125
2025-07-10,0.09445497015824843,0.09282757207289999,0.2777450286658017,0.22161552177282046,0.04563097842037678,STRESS,0.18329005850755326
2025-07-11,0.11783386927741121,0.09938809558461965,0.2706793118199724,0.21609522882548846,0.06290680356323719,STRESS,0.1528454425425612
2025-07-14,0.12827105178080328,0.12050874395572678,0.27237759244067955,0.21767991927687363,0.09745846688747406,STRESS,0.14410654065987627
2025-07-15,0.24965200176784297,0.20013225372294274,0.24801837205729338,0.20188489962122722,0.06866542622447014,STRESS,0.001633629710549589
2025-07-16,0.12274553404701685,0.11628586683507262,0.2512748608143534,0.20365269102121888,0.05714818648993969,STRESS,0.12852932676733655
2025-07-17,0.11290040224145413,0.09091515688563691,0.28056467786988937,0.22493738105225222,0.04563097842037678,STRESS,0.16766427562843522
2025-07-18,0.08872525881522679,0.08077562024256243,0.24696254771135737,0.1970488908168854,0.07442400977015495,STRESS,0.1582372888961306
2025-07-21,0.2542355426374028,0.21292184238203865,0.2551981851503715,0.2049639028296209,0.08594119548797607,STRESS,0.0009626425129687366
2025-07-22,0.15229203590647217,0.12152642500384185,0.2783288829534386,0.2222367795159253,0.06866542622447014,STRESS,0.12603684704696644
2025-07-23,0.09860976903457296,0.0814198709808719,0.2313071705141025,0.18456127880759815,0.10321705788373947,STRESS,0.13269740147952952
2025-07-24,0.07875209682730176,0.06332542270003187,0.3099963063371549,0.24734139490137683,0.09169984608888626,STRESS,0.23124420950985314
2025-07-25,0.05188454468545291,0.041411165914289415,0.25510578960413804,0.20550723927027714,0.08594126254320145,STRESS,0.20322124491868515
2025-07-28,0.045327807564060185,0.03635228817916164,0.22957607369582517,0.1839260444591766,0.08594123274087906,STRESS,0.18424826613176498
2025-07-29,0.17267759657997447,0.14649445214720522,0.24575185810942698,0.19608919100426261,0.1204928569495678,STRESS,0.07307426152945251
2025-07-30,0.21667365776791464,0.17351814164064555,0.2595557980741775,0.2070985677494127,0.09169984981417656,STRESS,0.04288214030626286
2025-07-31,0.15997702623691482,0.1299395849336498,0.2819066398889751,0.22549995204461795,0.06866542622447014,STRESS,0.12192961365206026
2025-08-01,0.6021455310255548,0.6477013818055307,0.2724662894014433,0.2174222595589663,0.057148195803165436,STRESS,0.3296792416241115
2025-08-04,0.15765530420732912,0.13718675822591384,0.2574840839212579,0.2056489641121629,0.039872344583272934,STRESS,0.09982877971392876
2025-08-05,0.09683178820602265,0.08640227764829654,0.2770781432878398,0.22194527526713756,0.07442405447363853,STRESS,0.18024635508181716
2025-08-06,0.9813105544422241,0.9161893935821589,0.2707346860689744,0.2171365548864788,0.08018261566758156,STRESS,0.7105758683732497
2025-08-07,0.5560692853428407,0.566479318310681,0.2768257112404135,0.22110654681152206,0.022596530616283417,STRESS,0.27924357410242723
2025-08-08,0.6183609357486965,0.6840744938507805,0.25319194300390896,0.20202612428996583,0.028355132788419724,STRESS,0.3651689927447876
2025-08-11,0.21077134965874622,0.16849632102810586,0.26227528308744247,0.20926647738968457,0.04563098028302193,STRESS,0.05150393342869625
2025-08-12,0.2792525237738745,0.2700259584297387,0.265134833406827,0.21190075398242852,0.05138959735631943,STRESS,0.01411769036704752
2025-08-13,0.22905616849818994,0.19043600880238057,0.23537464636638794,0.18862491171538126,0.05138958618044853,STRESS,0.0063184778681980025
2025-08-14,0.07853059375803718,0.0685989793832466,0.2354657273983776,0.1891369800960637,0.09169988334178925,STRESS,0.1569351336403404
2025-08-15,0.1390063998614451,0.13552286323006152,0.21465126650252941,0.17142931462009137,0.08018262311816216,STRESS,0.0756448666410843
2025-08-18,0.05362534384397552,0.047830299759885925,0.2421679357431751,0.19376873133879974,0.12049288675189018,STRESS,0.18854259189919959
2025-08-19,0.014026034447684093,0.011453109849071752,0.25763009168417494,0.20574142801370393,0.10897566750645638,STRESS,0.24360405723649084
2025-08-20,0.28972481052182675,0.3007836921868714,0.2621771063703741,0.21258989000961498,0.09745844453573227,STRESS,0.027547704151452634
2025-08-21,0.10935488610406037,0.09570609011526983,0.2910215704864903,0.23236890474609706,0.06866543367505074,STRESS,0.18166668438242994
2025-08-22,0.17268936942924146,0.15717902261684968,0.27038333256262137,0.21574913559802142,0.08594121597707272,STRESS,0.09769396313337991
2025-08-25,0.11601374184375743,0.09748697624504218,0.25081823984088963,0.20199873265456247,0.09745844081044197,STRESS,0.1348044979971322
2025-08-26,0.14412215237914922,0.13492626173443445,0.28999841720319003,0.23153968772683511,0.08594125509262085,STRESS,0.1458762648240408
2025-08-27,0.10439411686089982,0.10548500470980283,0.2431154941387415,0.19589616983334096,0.09169985726475716,STRESS,0.13872137727784167
2025-08-28,0.07279986277837631,0.07880490219127755,0.2643108169181988,0.21115728572842019,0.08018262311816216,STRESS,0.1915109541398225
2025-08-29,0.0762345718326012,0.06300737360014387,0.23451747989227242,0.18903382452054424,0.1262514591217041,STRESS,0.1582829080596712
2025-09-02,0.8574662510471994,0.7426532480283613,0.2893252154272625,0.23172888561026703,0.0686654094606638,STRESS,0.5681410356199369
2025-09-03,0.12907601698832846,0.1030567673498191,0.24985521683577197,0.1996549423955686,0.028355136513710022,STRESS,0.12077919984744351
2025-09-04,0.1575934747000428,0.14041928566962686,0.2678551093718366,0.21403556609370225,0.039872363209724426,STRESS,0.11026163467179378
2025-09-05,0.027026574281169963,0.021887468908757573,0.2137331532260253,0.17419984607777703,0.06866539642214775,STRESS,0.18670657894485532
2025-09-08,0.22810507561587315,0.19320597906264755,0.26532207227735344,0.21180895450745696,0.06866543740034103,STRESS,0.03721699666148029
2025-09-09,0.30083801455399106,0.25591257095260633,0.24130616622600776,0.1929964137468227,0.06290682777762413,STRESS,0.059531848327983306
2025-09-10,0.38222603516671455,0.39916554110881675,0.29545266610244647,0.23639325493827643,0.05138959363102913,STRESS,0.08677336906426808
2025-09-11,0.15965643236873597,0.13757122904568278,0.2709052696402556,0.21658593801982143,0.03987235017120838,STRESS,0.1112488372715196
2025-09-12,0.27315814057774773,0.25501596399937093,0.24792053271725958,0.19915414941862888,0.045630957931280136,STRESS,0.025237607860488148
2025-09-15,0.1334246685002893,0.1498831431752625,0.29498203770109155,0.235417773610384,0.0629067961126566,STRESS,0.16155736920080224
2025-09-16,0.24360118382408183,0.21073535241021712,0.2715402089012144,0.21806282270319474,0.06866543367505074,STRESS,0.027939025077132557
2025-09-17,0.11660832488044282,0.11134110798145229,0.268617083367833,0.21534358240857093,0.06290681473910809,STRESS,0.1520087584873902
2025-09-18,0.07901575660889741,0.0858893220378036,0.24568947229528507,0.19651943319464216,0.10897567123174667,STRESS,0.16667371568638767
2025-09-19,0.4347532853495403,0.46969769947313567,0.2450776704478166,0.1958431624438372,0.05714818462729454,STRESS,0.1896756149017237
2025-09-22,0.612851844380452,0.5708984283238123,0.27427793633265024,0.21972312008135178,0.028355125337839127,STRESS,0.3385739080478018
2025-09-23,0.11569486501944812,0.09527020275483962,0.2642086248760512,0.21082040597755455,0.03987234830856323,STRESS,0.14851375985660306
2025-09-24,0.19987139751071484,0.1822309209474169,0.2919252958886599,0.23323369972738822,0.05138958618044853,STRESS,0.09205389837794506
2025-09-25,0.2168840810205249,0.19609108916259538,0.2383337722613433,0.1907052456255944,0.08594124764204025,STRESS,0.021449691240818414
2025-09-26,0.04561017048921321,0.045693360828810266,0.24650845011173816,0.19768854381119666,0.03411373682320118,STRESS,0.20089827962252496
2025-09-29,0.16708298660513196,0.14917954471290193,0.2712435022307124,0.21642374115841284,0.08594125136733055,STRESS,0.10416051562558046
2025-09-30,0.0016611116880698243,0.0013970646420015098,0.2727903122275161,0.21816996906982367,0.09169982932507992,STRESS,0.2711292005394463
2025-10-01,0.19659806324573129,0.16539915489553103,0.26889829665976456,0.21470769667105954,0.1377686709165573,STRESS,0.07230023341403327
2025-10-02,0.12400486914666549,0.13869701994453135,0.24252891571100607,0.1938144683592919,0.08018264546990395,STRESS,0.11852404656434058
2025-10-03,0.12040212068086438,0.09771294697617053,0.2697774366078171,0.2155199488687509,0.06866544671356678,STRESS,0.14937531592695275
2025-10-06,0.07383576868397178,0.059773949215259616,0.27218615564872656,0.21828317600686986,0.08018267154693604,STRESS,0.19835038696475477
2025-10-07,0.03787711294895331,0.03185442029244465,0.2826502529698469,0.22646645049363515,0.11473427340388298,STRESS,0.24477314002089362
2025-10-08,0.09790473653889371,0.09336611576390087,0.26120486135244425,0.20917316587108792,0.09745844826102257,STRESS,0.16330012481355055
2025-10-09,0.2485388325876597,0.2682326634905031,0.2592955444426804,0.20703071336341144,0.08594124019145966,STRESS,0.010756711855020668
2025-10-10,0.6020460564541039,0.4908126238014533,0.2689482706330146,0.21472127414985648,0.06866542249917984,STRESS,0.33309778582108934
2025-10-13,0.47282982305757865,0.42130847424537465,0.2637155994849072,0.21042607588473852,0.03411375358700752,STRESS,0.20911422357267145
2025-10-14,0.009661788696216459,0.008723117609301011,0.2822373528298616,0.22552862007703284,0.057148199528455734,STRESS,0.27257556413364514
2025-10-15,0.0973831803594128,0.09084418917032328,0.24643345640116698,0.19665770987647307,0.08594123646616936,STRESS,0.1490502760417542
2025-10-16,0.12126554673415992,0.11175580874017918,0.25192176086509216,0.20138100114834387,0.08018266409635544,STRESS,0.13065621413093226
2025-10-17,0.3017832674861781,0.2661188394908293,0.2717550133709703,0.21684603584584058,0.08018260821700096,STRESS,0.03002825411520782
2025-10-20,0.6660834609913622,0.6840956559796841,0.26772649693930656,0.21506009340666493,0.03987235017120838,STRESS,0.3983569640520556
2025-10-21,0.038010325725027785,0.03836687218998972,0.23900268773382854,0.1922732739629034,0.04563098028302193,STRESS,0.20099236200880077
2025-10-22,0.33927578468539343,0.3291372972631448,0.2628053665642711,0.21157266977798692,0.07442402839660645,STRESS,0.07647041812112232
2025-10-23,0.13603108208513326,0.11329933676405399,0.29219225085096256,0.23324229785796965,0.057148199528455734,STRESS,0.1561611687658293
2025-10-24,0.21851901873241336,0.22670191019372285,0.26318083355580446,0.2141993798762859,0.08018261194229126,STRESS,0.0446618148233911
2025-10-27,0.316062307357587,0.2524921832440038,0.23774999780352832,0.1897087512513146,0.05714820325374603,STRESS,0.07831230955405868
2025-10-28,0.0810038502235691,0.06502039217271958,0.23807785495661202,0.19005137378031406,0.06290681287646294,STRESS,0.15707400473304292
2025-10-29,0.06057648192840541,0.06603390720981142,0.2536599805111486,0.20240776132189528,0.1204928606748581,STRESS,0.19308349858274315
2025-10-30,0.6437054098415183,0.6535210986500275,0.258938997483465,0.20666517621318892,0.1320100501179695,STRESS,0.38476641235805326
2025-10-31,0.621836591470781,0.6342441710263867,0.2701943592511165,0.21568630910863035,0.022596530616283417,STRESS,0.35164223221966445
2025-11-03,0.19881268506239586,0.16814599722217044,0.28137147287600406,0.22523191410946902,0.039872344583272934,STRESS,0.0825587878136082
2025-11-04,0.0943415437300931,0.0901109272852387,0.29117704207900363,0.23260847655377073,0.05138957314193249,STRESS,0.19683549834891054
2025-11-05,0.019793045079642718,0.016977739547614192,0.2993435977567464,0.23941387032624398,0.06866541504859924,STRESS,0.2795505526771037
2025-11-06,0.07237470538828017,0.06057715585935378,0.2513491053247095,0.20076657785618068,0.1262514963746071,STRESS,0.17897439993642933
2025-11-07,0.05645775116950669,0.048948108614628935,0.2418093678865497,0.19299075450936837,0.16080310195684433,STRESS,0.185351616717043
2025-11-10,0.04340896593930122,0.042501964077245866,0.2610966967946408,0.20841468260255164,0.11473426967859268,STRESS,0.2176877308553396
2025-11-11,0.3042580520252289,0.2449297876946935,0.2861791548394794,0.22847144231032676,0.1147342287003994,STRESS,0.018078897185749454
2025-11-12,0.09074279169112402,0.07488353780008213,0.264719833521009,0.21208373198411398,0.057148199528455734,STRESS,0.17397704182988494
2025-11-13,0.05145323721041565,0.047059728619577336,0.2624852730085803,0.21025042022929274,0.10897570475935936,STRESS,0.21103203579816468
2025-11-14,0.20708290112928357,0.1659282525647891,0.24496369219280187,0.19604413104257282,0.1320100575685501,STRESS,0.0378807910635183
2025-11-17,0.26779929370044536,0.21734034963771864,0.27706856976584343,0.2211085268401411,0.06866542249917984,STRESS,0.009269276065398069
2025-11-18,0.0252340631230747,0.02029069340463744,0.24356610020010025,0.19455016123684993,0.07442405819892883,STRESS,0.21833203707702556
2025-11-19,0.26387177502228404,0.21491255003740634,0.26412823761932314,0.21076743338467882,0.09169983305037022,STRESS,0.0002564625970390977
2025-11-20,0.196273414001771,0.18137126509198898,0.29300204366737664,0.2339695806025056,0.08018265292048454,STRESS,0.09672862966560564
2025-11-21,0.26836657225429056,0.267986230466878,0.2646512420107409,0.21123499946207397,0.045630957931280136,STRESS,0.0037153302435496416
2025-11-24,0.22106864561791953,0.2089356614900712,0.26416895138930885,0.21154375746912568,0.06290681660175323,STRESS,0.04310030577138932
2025-11-25,0.2357907563182399,0.1932734417396222,0.28512524282015245,0.22766079854756804,0.05714819207787514,STRESS,0.04933448650191255
2025-11-26,0.21085769029402895,0.17016325484710668,0.26256746191811786,0.211107996069916,0.06866542249917984,STRESS,0.05170977162408891
2025-11-28,0.1530675037007203,0.1332397964848945,0.2695970489137472,0.21689261141979643,0.05138957500457764,STRESS,0.11652954521302689
2025-12-01,0.22473106852329042,0.253581855920795,0.25086231689426897,0.20068837126325775,0.09169982373714447,STRESS,0.02613124837097855
2025-12-02,0.14326413315147674,0.11844105913556073,0.26857464171822426,0.21445120087427177,0.03987235948443413,STRESS,0.12531050856674752
2025-12-03,0.10260680815444419,0.0970103421461538,0.2755704362763535,0.21987386310652612,0.08594122715294361,STRESS,0.17296362812190935
2025-12-04,0.2034521730659105,0.21379020600714663,0.28611362608010366,0.23212694076169624,0.045630963519215584,STRESS,0.08266145301419314
2025-12-05,0.09455763880049468,0.10612897970623204,0.2810273545816683,0.2245974383633356,0.07442403957247734,STRESS,0.1864697157811736
2025-12-08,0.09007070847859053,0.07944839121709805,0.26015524707687115,0.20762822863171237,0.1262514777481556,STRESS,0.17008453859828063
2025-12-09,0.03851053516255675,0.04150382235659987,0.2752545419038883,0.21976605745745575,0.1262514740228653,STRESS,0.23674400674133156
2025-12-10,0.07590624718153988,0.0845196439292682,0.248371250714217,0.1985275200788338,0.1204928494989872,STRESS,0.17246500353267713
2025-12-11,0.1692702362145274,0.1375011531004397,0.21124316445414965,0.1685739533592397,0.09745843522250652,STRESS,0.04197292823962226
2025-12-12,0.04858376496726271,0.04015857785046597,0.2900988783934767,0.23193238164699032,0.09745842963457108,STRESS,0.24151511342621398
2025-12-15,0.21518573534805557,0.2002203577110902,0.2541179417956373,0.2033650099295124,0.06866542622447014,STRESS,0.03893220644758172
2025-12-16,0.039772885390450416,0.03473325072773942,0.3005649026219954,0.24010196360747266,0.057148199528455734,STRESS,0.260792017231545
2025-12-17,0.13390744814572414,0.11561298511722783,0.21883147608337472,0.1757992116814701,0.08594125509262085,STRESS,0.08492402793765058
2025-12-18,0.08779155627401043,0.07113312329066157,0.2689157097114187,0.21500180867258442,0.06290682591497898,STRESS,0.1811241534374083
2025-12-19,0.19700669555351902,0.16827031414943625,0.2279574346927084,0.18544516394473753,0.08594126999378204,STRESS,0.030950739139189387
2025-12-22,0.14470616758026067,0.11546673907782755,0.2533511616349768,0.20353746446614993,0.08018263056874275,STRESS,0.10864499405471612
2025-12-23,0.07718959686671405,0.0783267463366986,0.24034356652644215,0.1917671297384822,0.08018262311816216,STRESS,0.16315396965972812
2025-12-24,0.22749624602256988,0.18865529805974116,0.23604755338604982,0.18866761845053975,0.0859412383288145,STRESS,0.008551307363479949
2025-12-26,0.12014800754150419,0.09655097134031503,0.2834543794671826,0.226238081611092,0.08594120666384697,STRESS,0.16330637192567843
2025-12-29,0.03910436010326336,0.037343084271750294,0.24250511717087656,0.19422912063417797,0.08594124391674995,STRESS,0.20340075706761318
2025-12-30,0.10308064120900304,0.08856336425326504,0.22975267621696827,0.1833171889418366,0.08018265292048454,STRESS,0.12667203500796523
2025-12-31,0.05887455668947031,0.055140028197706706,0.2632171363285586,0.21081885285435417,0.1204928457736969,STRESS,0.20434257963908828
2026-01-02,0.18301647467030088,0.1502952893096755,0.2520643912685459,0.20177581766456354,0.10897564888000488,STRESS,0.06904791659824502
2026-01-05,0.19446842284851937,0.1800892057679696,0.2835689082030768,0.22763535351314126,0.08594125136733055,STRESS,0.08910048535455742
2026-01-06,0.26729971403279446,0.27199170331375755,0.2842993541581661,0.2289218382780976,0.057148195803165436,STRESS,0.01699964012537164
2026-01-07,0.10068333020986962,0.11062327967096076,0.28911680435325626,0.2310777696122194,0.08594125136733055,STRESS,0.18843347414338663
2026-01-08,0.22069322951255646,0.18431545925903664,0.23904160363640198,0.19130878175283353,0.03411373682320118,STRESS,0.018348374123845518
2026-01-09,0.16873849150092626,0.13510373707523599,0.29255990029618223,0.23351066143229005,0.08018263056874275,STRESS,0.12382140879525597
2026-01-12,0.13024722027300908,0.11022131010455709,0.26612723675865413,0.2132575064622807,0.08018263056874275,STRESS,0.13588001648564504
2026-01-13,0.04534197874790659,0.04301755490129075,0.24851022975152665,0.1984823461443539,0.1320100575685501,STRESS,0.20316825100362007
2026-01-14,0.30400482100041404,0.24714854174669604,0.24156798157220893,0.19553973495550897,0.08594124019145966,STRESS,0.062436839428205104
2026-01-15,0.09119524132584608,0.1010874903731752,0.2595150723591605,0.20984147783184737,0.06866540759801865,STRESS,0.1683198310333144
2026-01-16,0.1555202567796746,0.13940868492759206,0.2776350042722311,0.22501482131007,0.057148199528455734,STRESS,0.12211474749255649
2026-01-20,0.4931089967896543,0.39363898974253003,0.24007524970439004,0.19471231909050649,0.057148201391100883,STRESS,0.25303374708526427
2026-01-21,0.15862551543260395,0.13386336552588812,0.30039838462343704,0.24101577457667714,0.028355129063129425,STRESS,0.1417728691908331
2026-01-22,0.17956237097365238,0.1467804997379894,0.3228964412661938,0.2578913992902074,0.04563097283244133,STRESS,0.14333407029254144
2026-01-23,0.021825784966179266,0.018774903799738205,0.28259152513928426,0.22583603471372826,0.09745842963457108,STRESS,0.260765740173105
2026-01-26,0.4164459150536274,0.4364593089529844,0.2528348081024012,0.202215500891531,0.08018260449171066,STRESS,0.16361110695122616
2026-01-27,0.4266116223079742,0.3626096533754643,0.24653774975938622,0.19682401086608095,0.02835514210164547,STRESS,0.180073872548588
2026-01-28,0.22043818520241815,0.19369349342568748,0.2811560836605136,0.22769843811774299,0.028355132788419724,STRESS,0.06071789845809544
2026-01-29,0.20021455200456,0.1741672159273467,0.3328721166878617,0.26573285223195664,0.07442404702305794,STRESS,0.1326575646833017
2026-01-30,0.28898604704863773,0.2393496360139495,0.2628783337694363,0.21208688613354287,0.03411373868584633,STRESS,0.026107713279201417
2026-02-02,0.5580484233993139,0.44565988512734883,0.27233358716964806,0.21826101652324914,0.051389580592513084,STRESS,0.28571483622966587
2026-02-03,0.08146831171024088,0.06825124516499215,0.29105323368009917,0.2323141266921691,0.03411375358700752,STRESS,0.20958492196985828
2026-02-04,0.35923505648446935,0.33067618183577735,0.2631956191492097,0.21047419856913346,0.04563097283244133,STRESS,0.09603943733525966
2026-02-05,0.09949163470366151,0.08247011489166359,0.2772871631658832,0.22125221842005516,0.051389580592513084,STRESS,0.17779552846222169
2026-02-06,0.21374824345711757,0.19060455158091602,0.2699111716081411,0.2156794514935594,0.06290682591497898,STRESS,0.05616292815102353
2026-02-09,0.35508368906630455,0.31663956323501996,0.31865450649312604,0.2542993303560639,0.05714818090200424,STRESS,0.03642918257317851
2026-02-10,0.08837424461921578,0.07674614248158573,0.24225029185511104,0.1932884491757079,0.057148199528455734,STRESS,0.15387604723589526
2026-02-11,0.3776794348312007,0.30925119023362546,0.2947681783468882,0.235568577370351,0.07442403212189674,STRESS,0.08291125648431252
2026-02-12,0.7272876741904776,0.6337878443912701,0.2619183215851686,0.21041813420242964,0.051389578729867935,STRESS,0.465369352605309
2026-02-13,0.31651193069599576,0.2561806975554435,0.2755801672708754,0.21992405343280516,0.02835514210164547,STRESS,0.04093176342512034
2026-02-17,0.43165845180925405,0.37394230617935115,0.25554628108405397,0.20390629221040873,0.03987237252295017,STRESS,0.17611217072520008
2026-02-18,0.12337234225815981,0.10053034318338584,0.24214393800703055,0.195562656850242,0.03987235575914383,STRESS,0.11877159574887074
2026-02-19,0.2005441473161189,0.1738864473893689,0.27636052842741743,0.22050744879624187,0.05138958618044853,STRESS,0.07581638111129854
2026-02-20,0.21916618624648146,0.22944863879275265,0.27397132476367286,0.21900299171832444,0.051389582455158234,STRESS,0.054805138517191404
2026-02-23,0.0953830515001378,0.09058006114062703,0.28506200616086946,0.22787351837013048,0.08594126254320145,STRESS,0.18967895466073165
2026-02-24,0.33298198459311257,0.3586684568966811,0.2689444432879585,0.2149136580656856,0.06866540759801865,STRESS,0.06403754130515404
2026-02-25,0.10454093929789975,0.08555889272135099,0.30888184231835214,0.2485043247067711,0.06866544485092163,STRESS,0.20434090302045238
2026-02-26,0.1701309139283324,0.14439698484474597,0.28978292390329524,0.2326294893539567,0.08594125136733055,STRESS,0.11965200997496284
2026-02-27,0.46255489515285336,0.3691135106427637,0.2748041022878484,0.21954697345901122,0.05714820325374603,STRESS,0.18775079286500496
2026-03-02,0.16183918313958356,0.13041316621565702,0.31215067763923154,0.2512767957794501,0.028355136513710022,STRESS,0.15031149449964798
2026-03-03,0.17035208152659054,0.14031554412148686,0.25619526439311746,0.20463967646226952,0.039872344583272934,STRESS,0.08584318286652692
2026-03-04,0.1733287198195818,0.14948357702970475,0.26585688351906317,0.21231622916186607,0.08594125136733055,STRESS,0.09252816369948136
2026-03-05,0.12004805599460222,0.11058819636704757,0.23901420128593384,0.1907212817667837,0.08018262311816216,STRESS,0.11896614529133162
2026-03-06,0.222236659546953,0.2144246006044117,0.26513969217449274,0.2116262505631126,0.057148197665810585,STRESS,0.04290303262753972
2026-03-09,0.10724548446894876,0.10543639124603124,0.29730351113058157,0.2379975966217192,0.06290681660175323,STRESS,0.1900580266616328
2026-03-10,0.1102163017803143,0.10918826326528551,0.21106265652464723,0.16912277678071563,0.09169984981417656,STRESS,0.10084635474433293
2026-03-11,0.02374507898766644,0.01896575787946151,0.27560266385867194,0.22049427484450143,0.09169987589120865,STRESS,0.2518575848710055
